fipscode,last,party,votepct
2000,Trump,GOP,0.531229
1001,Trump,GOP,0.716406
1003,Trump,GOP,0.763999
1005,Trump,GOP,0.535123
1007,Trump,GOP,0.785081
1009,Trump,GOP,0.896626
1011,Trump,GOP,0.248536
1013,Trump,GOP,0.575617
1015,Trump,GOP,0.690014
1017,Trump,GOP,0.573629
1019,Trump,GOP,0.861177
1021,Trump,GOP,0.834241
1023,Trump,GOP,0.575794
1025,Trump,GOP,0.557892
1027,Trump,GOP,0.809276
1029,Trump,GOP,0.898185
1031,Trump,GOP,0.759881
1033,Trump,GOP,0.690308
1035,Trump,GOP,0.534472
1037,Trump,GOP,0.663439
1039,Trump,GOP,0.838083
1041,Trump,GOP,0.736077
1043,Trump,GOP,0.882804
1045,Trump,GOP,0.72582
1047,Trump,GOP,0.309572
1049,Trump,GOP,0.845348
1051,Trump,GOP,0.736984
1053,Trump,GOP,0.684403
1055,Trump,GOP,0.745979
1057,Trump,GOP,0.83419
1059,Trump,GOP,0.825589
1061,Trump,GOP,0.865555
1063,Trump,GOP,0.183554
1065,Trump,GOP,0.40446
1067,Trump,GOP,0.711808
1069,Trump,GOP,0.70804
1071,Trump,GOP,0.833651
1073,Trump,GOP,0.428384
1075,Trump,GOP,0.85929
1077,Trump,GOP,0.718108
1079,Trump,GOP,0.769644
1081,Trump,GOP,0.593826
1083,Trump,GOP,0.706074
1085,Trump,GOP,0.268657
1087,Trump,GOP,0.177106
1089,Trump,GOP,0.530436
1091,Trump,GOP,0.490634
1093,Trump,GOP,0.885511
1095,Trump,GOP,0.838813
1097,Trump,GOP,0.554285
1099,Trump,GOP,0.576912
1101,Trump,GOP,0.337282
1103,Trump,GOP,0.739959
1105,Trump,GOP,0.256366
1107,Trump,GOP,0.579329
1109,Trump,GOP,0.582247
1111,Trump,GOP,0.790816
1113,Trump,GOP,0.463316
1115,Trump,GOP,0.815358
1117,Trump,GOP,0.696496
1119,Trump,GOP,0.254337
1121,Trump,GOP,0.624228
1123,Trump,GOP,0.714156
1125,Trump,GOP,0.569175
1127,Trump,GOP,0.835728
1129,Trump,GOP,0.740273
1131,Trump,GOP,0.310783
1133,Trump,GOP,0.904534
5001,Trump,GOP,0.684043
5003,Trump,GOP,0.699975
5005,Trump,GOP,0.753844
5007,Trump,GOP,0.616827
5009,Trump,GOP,0.797709
5011,Trump,GOP,0.639026
5013,Trump,GOP,0.749771
5015,Trump,GOP,0.629313
5017,Trump,GOP,0.427005
5019,Trump,GOP,0.549851
5021,Trump,GOP,0.788347
5023,Trump,GOP,0.814511
5025,Trump,GOP,0.796389
5027,Trump,GOP,0.638347
5029,Trump,GOP,0.655613
5031,Trump,GOP,0.663655
5033,Trump,GOP,0.772363
5035,Trump,GOP,0.448036
5037,Trump,GOP,0.712475
5039,Trump,GOP,0.593809
5041,Trump,GOP,0.461335
5043,Trump,GOP,0.62956
5045,Trump,GOP,0.632413
5047,Trump,GOP,0.796325
5049,Trump,GOP,0.773784
5051,Trump,GOP,0.657685
5053,Trump,GOP,0.828537
5055,Trump,GOP,0.786957
5057,Trump,GOP,0.652745
5059,Trump,GOP,0.732818
5061,Trump,GOP,0.696525
5063,Trump,GOP,0.775221
5065,Trump,GOP,0.797074
5067,Trump,GOP,0.705755
5069,Trump,GOP,0.378448
5071,Trump,GOP,0.73047
5073,Trump,GOP,0.655842
5075,Trump,GOP,0.780092
5077,Trump,GOP,0.451545
5079,Trump,GOP,0.704258
5081,Trump,GOP,0.717597
5083,Trump,GOP,0.7831
5085,Trump,GOP,0.746331
5087,Trump,GOP,0.769691
5089,Trump,GOP,0.770758
5091,Trump,GOP,0.721157
5093,Trump,GOP,0.591152
5095,Trump,GOP,0.548651
5097,Trump,GOP,0.78647
5099,Trump,GOP,0.6352
5101,Trump,GOP,0.798399
5103,Trump,GOP,0.549797
5105,Trump,GOP,0.751891
5107,Trump,GOP,0.387216
5109,Trump,GOP,0.82878
5111,Trump,GOP,0.786863
5113,Trump,GOP,0.828622
5115,Trump,GOP,0.740054
5117,Trump,GOP,0.797139
5119,Trump,GOP,0.374726
5121,Trump,GOP,0.786113
5123,Trump,GOP,0.456106
5125,Trump,GOP,0.694464
5127,Trump,GOP,0.834131
5129,Trump,GOP,0.837273
5131,Trump,GOP,0.661816
5133,Trump,GOP,0.746636
5135,Trump,GOP,0.784827
5137,Trump,GOP,0.777366
5139,Trump,GOP,0.630939
5141,Trump,GOP,0.772896
5143,Trump,GOP,0.503936
5145,Trump,GOP,0.782969
5147,Trump,GOP,0.623183
5149,Trump,GOP,0.775256
4001,Biden,Dem,0.66226
4003,Biden,Dem,0.392641
4005,Biden,Dem,0.610028
4007,Biden,Dem,0.323295
4009,Biden,Dem,0.269023
4011,Biden,Dem,0.32076
4012,Biden,Dem,0.299812
4013,Biden,Dem,0.503241
4015,Biden,Dem,0.237236
4017,Biden,Dem,0.451697
4019,Biden,Dem,0.586054
4021,Biden,Dem,0.406035
4023,Biden,Dem,0.671814
4025,Biden,Dem,0.346332
4027,Biden,Dem,0.460926
6001,Biden,Dem,0.802296
6003,Biden,Dem,0.642375
6005,Biden,Dem,0.365573
6007,Biden,Dem,0.494169
6009,Biden,Dem,0.369828
6011,Biden,Dem,0.406858
6013,Biden,Dem,0.716388
6015,Biden,Dem,0.4084
6017,Biden,Dem,0.44448
6019,Biden,Dem,0.529112
6021,Biden,Dem,0.35379
6023,Biden,Dem,0.650433
6025,Biden,Dem,0.611411
6027,Biden,Dem,0.488767
6029,Biden,Dem,0.436942
6031,Biden,Dem,0.426353
6033,Biden,Dem,0.518785
6035,Biden,Dem,0.233542
6037,Biden,Dem,0.710432
6039,Biden,Dem,0.431257
6041,Biden,Dem,0.823409
6043,Biden,Dem,0.397665
6045,Biden,Dem,0.664159
6047,Biden,Dem,0.541092
6049,Biden,Dem,0.265099
6051,Biden,Dem,0.595666
6053,Biden,Dem,0.695331
6055,Biden,Dem,0.690732
6057,Biden,Dem,0.561633
6059,Biden,Dem,0.534925
6061,Biden,Dem,0.454729
6063,Biden,Dem,0.405206
6065,Biden,Dem,0.529926
6067,Biden,Dem,0.613691
6069,Biden,Dem,0.611637
6071,Biden,Dem,0.542088
6073,Biden,Dem,0.602258
6075,Biden,Dem,0.852744
6077,Biden,Dem,0.558644
6079,Biden,Dem,0.55304
6081,Biden,Dem,0.779045
6083,Biden,Dem,0.648881
6085,Biden,Dem,0.726574
6087,Biden,Dem,0.789014
6089,Biden,Dem,0.322928
6091,Biden,Dem,0.378238
6093,Biden,Dem,0.409083
6095,Biden,Dem,0.639549
6097,Biden,Dem,0.745336
6099,Biden,Dem,0.492568
6101,Biden,Dem,0.407294
6103,Biden,Dem,0.310261
6105,Biden,Dem,0.455577
6107,Biden,Dem,0.450208
6109,Biden,Dem,0.394
6111,Biden,Dem,0.594722
6113,Biden,Dem,0.694995
6115,Biden,Dem,0.37701
8001,Biden,Dem,0.566887
8003,Biden,Dem,0.481429
8005,Biden,Dem,0.609987
8007,Biden,Dem,0.408793
8009,Biden,Dem,0.142472
8011,Biden,Dem,0.3219
8013,Biden,Dem,0.771861
8015,Biden,Dem,0.52198
8017,Biden,Dem,0.115317
8019,Biden,Dem,0.550397
8021,Biden,Dem,0.452112
8023,Biden,Dem,0.626074
8025,Biden,Dem,0.249714
8027,Biden,Dem,0.305999
8029,Biden,Dem,0.303924
8031,Biden,Dem,0.795509
8033,Biden,Dem,0.235335
8037,Biden,Dem,0.637886
8039,Biden,Dem,0.236527
8041,Biden,Dem,0.427455
8043,Biden,Dem,0.288336
8045,Biden,Dem,0.499191
8047,Biden,Dem,0.531056
8049,Biden,Dem,0.477204
8051,Biden,Dem,0.637355
8053,Biden,Dem,0.403481
8055,Biden,Dem,0.471176
8057,Biden,Dem,0.199772
8059,Biden,Dem,0.578752
8061,Biden,Dem,0.108527
8063,Biden,Dem,0.171015
8065,Biden,Dem,0.581419
8067,Biden,Dem,0.576107
8069,Biden,Dem,0.562187
8071,Biden,Dem,0.439266
8073,Biden,Dem,0.177292
8075,Biden,Dem,0.210596
8077,Biden,Dem,0.347995
8079,Biden,Dem,0.419312
8081,Biden,Dem,0.171221
8083,Biden,Dem,0.376516
8085,Biden,Dem,0.308442
8087,Biden,Dem,0.282014
8089,Biden,Dem,0.376462
8091,Biden,Dem,0.588308
8095,Biden,Dem,0.195573
8097,Biden,Dem,0.751777
8099,Biden,Dem,0.262183
8101,Biden,Dem,0.495725
8103,Biden,Dem,0.151991
8105,Biden,Dem,0.395718
8107,Biden,Dem,0.627044
8109,Biden,Dem,0.555916
8111,Biden,Dem,0.608541
8113,Biden,Dem,0.762386
8115,Biden,Dem,0.20816
8117,Biden,Dem,0.683533
8119,Biden,Dem,0.311589
8121,Biden,Dem,0.122673
8123,Biden,Dem,0.395645
8125,Biden,Dem,0.157599
8035,Biden,Dem,0.451872
8014,Biden,Dem,0.623542
8093,Biden,Dem,0.398942
9013,Biden,Dem,0.547345
9009,Biden,Dem,0.580625
9015,Biden,Dem,0.467968
9003,Biden,Dem,0.630823
9005,Biden,Dem,0.466512
9001,Biden,Dem,0.630008
9011,Biden,Dem,0.569264
9007,Biden,Dem,0.573255
11001,Biden,Dem,0.929969
10001,Biden,Dem,0.511945
10003,Biden,Dem,0.678065
10005,Biden,Dem,0.4382
12001,Trump,GOP,0.357488
12003,Trump,GOP,0.847215
12005,Trump,GOP,0.710659
12007,Trump,GOP,0.758125
12009,Trump,GOP,0.5763
12011,Trump,GOP,0.348168
12013,Trump,GOP,0.808152
12015,Trump,GOP,0.629582
12017,Trump,GOP,0.701209
12019,Trump,GOP,0.679138
12021,Trump,GOP,0.620552
12023,Trump,GOP,0.721385
12086,Trump,GOP,0.460614
12027,Trump,GOP,0.656687
12029,Trump,GOP,0.827599
12031,Trump,GOP,0.47441
12033,Trump,GOP,0.567539
12035,Trump,GOP,0.600229
12037,Trump,GOP,0.682581
12039,Trump,GOP,0.314157
12041,Trump,GOP,0.815431
12043,Trump,GOP,0.728288
12045,Trump,GOP,0.748867
12047,Trump,GOP,0.654486
12049,Trump,GOP,0.721509
12051,Trump,GOP,0.611021
12053,Trump,GOP,0.646492
12055,Trump,GOP,0.668488
12057,Trump,GOP,0.459835
12059,Trump,GOP,0.891045
12061,Trump,GOP,0.603933
12063,Trump,GOP,0.690997
12065,Trump,GOP,0.530185
12067,Trump,GOP,0.855112
12069,Trump,GOP,0.595647
12071,Trump,GOP,0.592175
12073,Trump,GOP,0.352741
12075,Trump,GOP,0.723686
12077,Trump,GOP,0.799214
12079,Trump,GOP,0.594456
12081,Trump,GOP,0.576134
12083,Trump,GOP,0.625491
12085,Trump,GOP,0.619586
12087,Trump,GOP,0.534992
12089,Trump,GOP,0.723838
12091,Trump,GOP,0.685915
12093,Trump,GOP,0.718987
12095,Trump,GOP,0.379112
12097,Trump,GOP,0.426201
12099,Trump,GOP,0.43295
12101,Trump,GOP,0.594896
12103,Trump,GOP,0.493535
12105,Trump,GOP,0.566949
12107,Trump,GOP,0.701474
12109,Trump,GOP,0.628169
12111,Trump,GOP,0.504365
12113,Trump,GOP,0.723732
12115,Trump,GOP,0.548405
12117,Trump,GOP,0.480283
12119,Trump,GOP,0.678615
12121,Trump,GOP,0.779313
12123,Trump,GOP,0.765531
12125,Trump,GOP,0.821938
12127,Trump,GOP,0.565426
12129,Trump,GOP,0.699522
12131,Trump,GOP,0.753798
12133,Trump,GOP,0.801168
13001,Biden,Dem,0.212634
13003,Biden,Dem,0.26149
13005,Biden,Dem,0.133919
13007,Biden,Dem,0.419293
13009,Biden,Dem,0.500794
13011,Biden,Dem,0.105897
13013,Biden,Dem,0.275652
13015,Biden,Dem,0.239597
13017,Biden,Dem,0.364564
13019,Biden,Dem,0.16389
13021,Biden,Dem,0.613853
13023,Biden,Dem,0.229853
13025,Biden,Dem,0.090334
13027,Biden,Dem,0.393043
13029,Biden,Dem,0.315819
13031,Biden,Dem,0.373812
13033,Biden,Dem,0.487504
13035,Biden,Dem,0.278141
13037,Biden,Dem,0.574613
13039,Biden,Dem,0.336359
13043,Biden,Dem,0.286391
13045,Biden,Dem,0.298061
13047,Biden,Dem,0.212684
13049,Biden,Dem,0.2419
13051,Biden,Dem,0.586524
13053,Biden,Dem,0.421618
13055,Biden,Dem,0.184478
13057,Biden,Dem,0.295404
13059,Biden,Dem,0.702197
13061,Biden,Dem,0.55122
13063,Biden,Dem,0.849871
13065,Biden,Dem,0.260049
13067,Biden,Dem,0.563452
13069,Biden,Dem,0.296503
13071,Biden,Dem,0.260475
13073,Biden,Dem,0.362792
13075,Biden,Dem,0.292679
13077,Biden,Dem,0.315238
13079,Biden,Dem,0.264667
13081,Biden,Dem,0.371219
13083,Biden,Dem,0.169626
13085,Biden,Dem,0.154592
13087,Biden,Dem,0.411355
13089,Biden,Dem,0.831194
13091,Biden,Dem,0.269112
13093,Biden,Dem,0.46553
13095,Biden,Dem,0.696234
13097,Biden,Dem,0.619541
13099,Biden,Dem,0.472244
13101,Biden,Dem,0.115892
13103,Biden,Dem,0.244465
13105,Biden,Dem,0.313924
13107,Biden,Dem,0.30363
13109,Biden,Dem,0.311749
13111,Biden,Dem,0.173076
13113,Biden,Dem,0.459233
13115,Biden,Dem,0.288261
13117,Biden,Dem,0.326407
13119,Biden,Dem,0.14798
13121,Biden,Dem,0.725902
13123,Biden,Dem,0.177428
13125,Biden,Dem,0.099042
13127,Biden,Dem,0.378251
13129,Biden,Dem,0.182416
13131,Biden,Dem,0.338003
13133,Biden,Dem,0.363483
13135,Biden,Dem,0.584494
13137,Biden,Dem,0.174343
13139,Biden,Dem,0.276495
13141,Biden,Dem,0.71659
13143,Biden,Dem,0.12572
13145,Biden,Dem,0.272973
13147,Biden,Dem,0.248036
13149,Biden,Dem,0.152762
13151,Biden,Dem,0.597107
13153,Biden,Dem,0.430784
13155,Biden,Dem,0.241843
13157,Biden,Dem,0.20284
13159,Biden,Dem,0.230377
13161,Biden,Dem,0.178132
13163,Biden,Dem,0.531221
13165,Biden,Dem,0.366425
13167,Biden,Dem,0.298049
13169,Biden,Dem,0.326905
13171,Biden,Dem,0.289663
13173,Biden,Dem,0.284955
13175,Biden,Dem,0.355198
13177,Biden,Dem,0.272706
13179,Biden,Dem,0.612508
13181,Biden,Dem,0.308554
13183,Biden,Dem,0.359731
13185,Biden,Dem,0.433955
13187,Biden,Dem,0.201275
13193,Biden,Dem,0.61291
13195,Biden,Dem,0.228359
13197,Biden,Dem,0.361931
13189,Biden,Dem,0.398661
13191,Biden,Dem,0.390084
13199,Biden,Dem,0.394134
13201,Biden,Dem,0.263938
13205,Biden,Dem,0.445548
13207,Biden,Dem,0.28127
13209,Biden,Dem,0.247038
13211,Biden,Dem,0.286434
13213,Biden,Dem,0.149522
13215,Biden,Dem,0.614129
13217,Biden,Dem,0.549268
13219,Biden,Dem,0.324301
13221,Biden,Dem,0.299889
13223,Biden,Dem,0.347831
13225,Biden,Dem,0.47176
13227,Biden,Dem,0.164502
13229,Biden,Dem,0.121587
13231,Biden,Dem,0.140392
13233,Biden,Dem,0.210221
13235,Biden,Dem,0.301397
13237,Biden,Dem,0.290848
13239,Biden,Dem,0.449367
13241,Biden,Dem,0.207358
13243,Biden,Dem,0.543768
13245,Biden,Dem,0.679458
13247,Biden,Dem,0.699111
13249,Biden,Dem,0.203077
13251,Biden,Dem,0.401539
13253,Biden,Dem,0.323045
13255,Biden,Dem,0.391513
13257,Biden,Dem,0.200757
13259,Biden,Dem,0.59397
13261,Biden,Dem,0.519756
13263,Biden,Dem,0.600227
13265,Biden,Dem,0.604526
13267,Biden,Dem,0.251924
13269,Biden,Dem,0.36127
13271,Biden,Dem,0.343332
13273,Biden,Dem,0.538043
13275,Biden,Dem,0.398135
13277,Biden,Dem,0.326679
13279,Biden,Dem,0.269196
13281,Biden,Dem,0.19426
13283,Biden,Dem,0.309392
13285,Biden,Dem,0.385296
13287,Biden,Dem,0.37167
13289,Biden,Dem,0.459946
13291,Biden,Dem,0.179972
13293,Biden,Dem,0.325688
13295,Biden,Dem,0.196566
13297,Biden,Dem,0.248234
13299,Biden,Dem,0.293819
13301,Biden,Dem,0.553962
13303,Biden,Dem,0.500475
13305,Biden,Dem,0.210345
13307,Biden,Dem,0.460101
13309,Biden,Dem,0.301532
13311,Biden,Dem,0.162729
13313,Biden,Dem,0.290486
13315,Biden,Dem,0.26258
13317,Biden,Dem,0.429423
13319,Biden,Dem,0.434801
13321,Biden,Dem,0.257943
15001,Biden,Dem,0.668811
15003,Biden,Dem,0.625125
15007,Biden,Dem,0.633639
15009,Biden,Dem,0.665855
19001,Trump,GOP,0.699185
19003,Trump,GOP,0.709977
19005,Trump,GOP,0.638743
19007,Trump,GOP,0.693514
19009,Trump,GOP,0.671838
19011,Trump,GOP,0.628368
19013,Trump,GOP,0.446251
19015,Trump,GOP,0.568078
19017,Trump,GOP,0.57137
19019,Trump,GOP,0.596433
19021,Trump,GOP,0.620444
19023,Trump,GOP,0.685552
19025,Trump,GOP,0.702801
19027,Trump,GOP,0.684327
19029,Trump,GOP,0.68387
19031,Trump,GOP,0.576873
19033,Trump,GOP,0.524006
19035,Trump,GOP,0.691219
19037,Trump,GOP,0.65105
19039,Trump,GOP,0.674533
19041,Trump,GOP,0.685852
19043,Trump,GOP,0.637303
19045,Trump,GOP,0.542292
19047,Trump,GOP,0.679261
19049,Trump,GOP,0.501137
19051,Trump,GOP,0.739693
19053,Trump,GOP,0.687977
19055,Trump,GOP,0.667869
19057,Trump,GOP,0.532101
19059,Trump,GOP,0.662333
19061,Trump,GOP,0.506006
19063,Trump,GOP,0.673196
19065,Trump,GOP,0.605001
19067,Trump,GOP,0.590246
19069,Trump,GOP,0.66849
19071,Trump,GOP,0.703973
19073,Trump,GOP,0.638091
19075,Trump,GOP,0.678926
19077,Trump,GOP,0.671381
19079,Trump,GOP,0.625995
19081,Trump,GOP,0.712547
19083,Trump,GOP,0.651811
19085,Trump,GOP,0.683816
19087,Trump,GOP,0.653051
19089,Trump,GOP,0.631462
19091,Trump,GOP,0.717722
19093,Trump,GOP,0.74922
19095,Trump,GOP,0.618464
19097,Trump,GOP,0.624213
19099,Trump,GOP,0.599911
19101,Trump,GOP,0.497759
19103,Trump,GOP,0.274321
19105,Trump,GOP,0.599362
19107,Trump,GOP,0.717634
19109,Trump,GOP,0.691308
19111,Trump,GOP,0.585245
19113,Trump,GOP,0.419931
19115,Trump,GOP,0.657154
19117,Trump,GOP,0.711164
19119,Trump,GOP,0.832896
19121,Trump,GOP,0.663573
19123,Trump,GOP,0.729022
19125,Trump,GOP,0.66046
19127,Trump,GOP,0.528872
19129,Trump,GOP,0.678038
19131,Trump,GOP,0.63233
19133,Trump,GOP,0.689011
19135,Trump,GOP,0.728274
19137,Trump,GOP,0.687782
19139,Trump,GOP,0.52465
19141,Trump,GOP,0.777218
19143,Trump,GOP,0.809509
19145,Trump,GOP,0.707408
19147,Trump,GOP,0.680808
19149,Trump,GOP,0.740699
19151,Trump,GOP,0.740372
19153,Trump,GOP,0.413968
19155,Trump,GOP,0.5751
19157,Trump,GOP,0.558771
19159,Trump,GOP,0.726736
19161,Trump,GOP,0.734757
19163,Trump,GOP,0.473149
19165,Trump,GOP,0.692671
19167,Trump,GOP,0.827179
19169,Trump,GOP,0.400102
19171,Trump,GOP,0.587525
19173,Trump,GOP,0.759716
19175,Trump,GOP,0.649814
19177,Trump,GOP,0.756349
19179,Trump,GOP,0.609492
19181,Trump,GOP,0.574484
19183,Trump,GOP,0.593529
19185,Trump,GOP,0.753464
19187,Trump,GOP,0.61484
19189,Trump,GOP,0.622921
19191,Trump,GOP,0.518029
19193,Trump,GOP,0.569733
19195,Trump,GOP,0.620299
19197,Trump,GOP,0.662608
16001,Trump,GOP,0.503873
16003,Trump,GOP,0.75058
16005,Trump,GOP,0.589867
16007,Trump,GOP,0.879035
16009,Trump,GOP,0.779811
16011,Trump,GOP,0.764903
16013,Trump,GOP,0.303409
16015,Trump,GOP,0.723029
16017,Trump,GOP,0.671996
16019,Trump,GOP,0.700157
16021,Trump,GOP,0.782037
16023,Trump,GOP,0.84947
16025,Trump,GOP,0.752226
16027,Trump,GOP,0.683099
16029,Trump,GOP,0.850703
16031,Trump,GOP,0.821165
16033,Trump,GOP,0.848875
16035,Trump,GOP,0.781399
16037,Trump,GOP,0.762687
16039,Trump,GOP,0.710044
16041,Trump,GOP,0.877101
16043,Trump,GOP,0.825718
16045,Trump,GOP,0.798454
16047,Trump,GOP,0.770083
16049,Trump,GOP,0.815039
16051,Trump,GOP,0.853665
16053,Trump,GOP,0.733999
16055,Trump,GOP,0.702348
16057,Trump,GOP,0.460476
16059,Trump,GOP,0.758126
16061,Trump,GOP,0.796257
16063,Trump,GOP,0.757216
16065,Trump,GOP,0.792368
16067,Trump,GOP,0.783811
16069,Trump,GOP,0.65522
16071,Trump,GOP,0.876377
16073,Trump,GOP,0.805356
16075,Trump,GOP,0.784734
16077,Trump,GOP,0.688354
16079,Trump,GOP,0.696975
16081,Trump,GOP,0.450291
16083,Trump,GOP,0.709487
16085,Trump,GOP,0.558828
16087,Trump,GOP,0.77732
17001,Biden,Dem,0.257494
17003,Biden,Dem,0.425516
17005,Biden,Dem,0.280943
17007,Biden,Dem,0.422035
17009,Biden,Dem,0.192781
17011,Biden,Dem,0.382528
17013,Biden,Dem,0.244228
17015,Biden,Dem,0.342473
17017,Biden,Dem,0.303743
17019,Biden,Dem,0.600377
17021,Biden,Dem,0.267527
17023,Biden,Dem,0.23854
17025,Biden,Dem,0.163956
17027,Biden,Dem,0.234377
17029,Biden,Dem,0.356852
17031,Biden,Dem,0.743506
17033,Biden,Dem,0.233634
17035,Biden,Dem,0.19585
17037,Biden,Dem,0.515339
17039,Biden,Dem,0.273056
17041,Biden,Dem,0.267224
17043,Biden,Dem,0.579763
17045,Biden,Dem,0.230234
17047,Biden,Dem,0.144979
17049,Biden,Dem,0.195076
17051,Biden,Dem,0.181637
17053,Biden,Dem,0.252265
17055,Biden,Dem,0.255557
17057,Biden,Dem,0.389915
17059,Biden,Dem,0.23261
17061,Biden,Dem,0.216637
17063,Biden,Dem,0.360659
17065,Biden,Dem,0.190962
17067,Biden,Dem,0.246723
17069,Biden,Dem,0.207678
17071,Biden,Dem,0.325473
17073,Biden,Dem,0.382173
17075,Biden,Dem,0.207359
17077,Biden,Dem,0.493795
17079,Biden,Dem,0.180595
17081,Biden,Dem,0.264767
17083,Biden,Dem,0.248052
17085,Biden,Dem,0.408884
17087,Biden,Dem,0.199006
17089,Biden,Dem,0.561392
17091,Biden,Dem,0.406216
17093,Biden,Dem,0.518485
17095,Biden,Dem,0.462472
17097,Biden,Dem,0.610589
17099,Biden,Dem,0.418772
17101,Biden,Dem,0.221338
17103,Biden,Dem,0.390742
17105,Biden,Dem,0.26872
17107,Biden,Dem,0.288852
17109,Biden,Dem,0.406349
17111,Biden,Dem,0.476915
17113,Biden,Dem,0.504977
17115,Biden,Dem,0.401867
17117,Biden,Dem,0.306594
17119,Biden,Dem,0.421745
17121,Biden,Dem,0.259136
17123,Biden,Dem,0.316546
17125,Biden,Dem,0.293379
17127,Biden,Dem,0.253192
17129,Biden,Dem,0.291859
17131,Biden,Dem,0.368829
17133,Biden,Dem,0.31062
17135,Biden,Dem,0.284476
17137,Biden,Dem,0.33157
17139,Biden,Dem,0.246441
17141,Biden,Dem,0.358861
17143,Biden,Dem,0.51899
17145,Biden,Dem,0.259823
17147,Biden,Dem,0.338933
17149,Biden,Dem,0.18669
17151,Biden,Dem,0.19908
17153,Biden,Dem,0.339558
17155,Biden,Dem,0.39469
17157,Biden,Dem,0.24122
17159,Biden,Dem,0.226963
17161,Biden,Dem,0.549612
17163,Biden,Dem,0.533414
17165,Biden,Dem,0.252033
17167,Biden,Dem,0.466984
17169,Biden,Dem,0.273425
17171,Biden,Dem,0.208988
17173,Biden,Dem,0.207011
17175,Biden,Dem,0.282692
17177,Biden,Dem,0.410713
17179,Biden,Dem,0.35943
17181,Biden,Dem,0.290232
17183,Biden,Dem,0.326843
17185,Biden,Dem,0.22403
17187,Biden,Dem,0.390694
17189,Biden,Dem,0.207669
17191,Biden,Dem,0.139877
17193,Biden,Dem,0.20442
17195,Biden,Dem,0.447598
17197,Biden,Dem,0.53294
17199,Biden,Dem,0.303281
17201,Biden,Dem,0.501578
17203,Biden,Dem,0.287421
18001,Trump,GOP,0.752059
18003,Trump,GOP,0.54487
18005,Trump,GOP,0.618787
18007,Trump,GOP,0.731986
18009,Trump,GOP,0.718078
18011,Trump,GOP,0.580545
18013,Trump,GOP,0.643247
18015,Trump,GOP,0.746288
18017,Trump,GOP,0.694713
18019,Trump,GOP,0.581797
18021,Trump,GOP,0.774859
18023,Trump,GOP,0.721273
18025,Trump,GOP,0.70449
18027,Trump,GOP,0.801406
18029,Trump,GOP,0.770001
18031,Trump,GOP,0.779279
18033,Trump,GOP,0.725341
18035,Trump,GOP,0.556681
18037,Trump,GOP,0.69095
18039,Trump,GOP,0.632015
18041,Trump,GOP,0.765095
18043,Trump,GOP,0.560331
18045,Trump,GOP,0.770888
18047,Trump,GOP,0.807785
18049,Trump,GOP,0.732065
18051,Trump,GOP,0.731205
18053,Trump,GOP,0.683185
18055,Trump,GOP,0.751116
18057,Trump,GOP,0.523993
18059,Trump,GOP,0.675787
18061,Trump,GOP,0.719935
18063,Trump,GOP,0.608221
18065,Trump,GOP,0.715618
18067,Trump,GOP,0.651293
18069,Trump,GOP,0.738181
18071,Trump,GOP,0.756576
18073,Trump,GOP,0.735859
18075,Trump,GOP,0.752247
18077,Trump,GOP,0.657794
18079,Trump,GOP,0.774631
18081,Trump,GOP,0.660268
18083,Trump,GOP,0.728255
18085,Trump,GOP,0.740899
18087,Trump,GOP,0.76272
18089,Trump,GOP,0.417391
18091,Trump,GOP,0.52634
18093,Trump,GOP,0.742021
18095,Trump,GOP,0.603014
18097,Trump,GOP,0.344768
18099,Trump,GOP,0.69505
18101,Trump,GOP,0.783243
18103,Trump,GOP,0.755219
18105,Trump,GOP,0.350128
18107,Trump,GOP,0.736074
18109,Trump,GOP,0.760946
18111,Trump,GOP,0.74981
18113,Trump,GOP,0.739708
18115,Trump,GOP,0.667967
18117,Trump,GOP,0.728426
18119,Trump,GOP,0.735662
18121,Trump,GOP,0.769999
18123,Trump,GOP,0.612818
18125,Trump,GOP,0.754341
18127,Trump,GOP,0.520866
18129,Trump,GOP,0.69579
18131,Trump,GOP,0.731312
18133,Trump,GOP,0.739861
18135,Trump,GOP,0.750994
18137,Trump,GOP,0.78947
18139,Trump,GOP,0.760842
18141,Trump,GOP,0.462356
18143,Trump,GOP,0.721129
18145,Trump,GOP,0.728728
18147,Trump,GOP,0.683165
18149,Trump,GOP,0.725559
18151,Trump,GOP,0.701275
18153,Trump,GOP,0.74394
18155,Trump,GOP,0.754576
18157,Trump,GOP,0.484124
18159,Trump,GOP,0.752927
18161,Trump,GOP,0.771748
18163,Trump,GOP,0.539359
18165,Trump,GOP,0.693048
18167,Trump,GOP,0.563372
18169,Trump,GOP,0.738489
18171,Trump,GOP,0.76068
18173,Trump,GOP,0.630835
18175,Trump,GOP,0.751298
18177,Trump,GOP,0.635059
18179,Trump,GOP,0.772928
18181,Trump,GOP,0.713057
18183,Trump,GOP,0.732919
20001,Trump,GOP,0.715886
20003,Trump,GOP,0.772416
20005,Trump,GOP,0.659409
20007,Trump,GOP,0.859949
20009,Trump,GOP,0.773405
20011,Trump,GOP,0.752397
20013,Trump,GOP,0.729591
20015,Trump,GOP,0.696002
20017,Trump,GOP,0.753186
20019,Trump,GOP,0.8554
20021,Trump,GOP,0.741236
20023,Trump,GOP,0.827852
20025,Trump,GOP,0.847235
20027,Trump,GOP,0.759684
20029,Trump,GOP,0.760497
20031,Trump,GOP,0.764294
20033,Trump,GOP,0.831878
20035,Trump,GOP,0.678519
20037,Trump,GOP,0.603485
20039,Trump,GOP,0.841121
20041,Trump,GOP,0.762221
20043,Trump,GOP,0.802373
20045,Trump,GOP,0.290545
20047,Trump,GOP,0.797345
20049,Trump,GOP,0.837619
20051,Trump,GOP,0.707101
20053,Trump,GOP,0.752892
20055,Trump,GOP,0.61322
20057,Trump,GOP,0.650925
20059,Trump,GOP,0.67957
20061,Trump,GOP,0.554306
20063,Trump,GOP,0.877634
20065,Trump,GOP,0.807779
20067,Trump,GOP,0.77409
20069,Trump,GOP,0.835227
20071,Trump,GOP,0.856474
20073,Trump,GOP,0.79428
20075,Trump,GOP,0.812573
20077,Trump,GOP,0.809559
20079,Trump,GOP,0.588249
20081,Trump,GOP,0.795745
20083,Trump,GOP,0.837321
20085,Trump,GOP,0.686057
20087,Trump,GOP,0.647516
20089,Trump,GOP,0.851966
20091,Trump,GOP,0.448228
20093,Trump,GOP,0.8
20095,Trump,GOP,0.792606
20097,Trump,GOP,0.841202
20099,Trump,GOP,0.669742
20101,Trump,GOP,0.851397
20103,Trump,GOP,0.592217
20105,Trump,GOP,0.81254
20107,Trump,GOP,0.80222
20109,Trump,GOP,0.856653
20111,Trump,GOP,0.539748
20113,Trump,GOP,0.690123
20115,Trump,GOP,0.73065
20117,Trump,GOP,0.729175
20119,Trump,GOP,0.834521
20121,Trump,GOP,0.686179
20123,Trump,GOP,0.807481
20125,Trump,GOP,0.739684
20127,Trump,GOP,0.732666
20129,Trump,GOP,0.863105
20131,Trump,GOP,0.820549
20133,Trump,GOP,0.722699
20135,Trump,GOP,0.884997
20137,Trump,GOP,0.831056
20139,Trump,GOP,0.710019
20141,Trump,GOP,0.837532
20143,Trump,GOP,0.817925
20145,Trump,GOP,0.746623
20147,Trump,GOP,0.869471
20149,Trump,GOP,0.722464
20151,Trump,GOP,0.751269
20153,Trump,GOP,0.838431
20155,Trump,GOP,0.660069
20157,Trump,GOP,0.821227
20159,Trump,GOP,0.755267
20161,Trump,GOP,0.461245
20163,Trump,GOP,0.86143
20165,Trump,GOP,0.805009
20167,Trump,GOP,0.80473
20169,Trump,GOP,0.640903
20171,Trump,GOP,0.855565
20173,Trump,GOP,0.547262
20175,Trump,GOP,0.636947
20177,Trump,GOP,0.472151
20179,Trump,GOP,0.887197
20181,Trump,GOP,0.83205
20183,Trump,GOP,0.828088
20185,Trump,GOP,0.808751
20187,Trump,GOP,0.791237
20189,Trump,GOP,0.866568
20191,Trump,GOP,0.741673
20193,Trump,GOP,0.821522
20195,Trump,GOP,0.836196
20197,Trump,GOP,0.729113
20199,Trump,GOP,0.933333
20201,Trump,GOP,0.819632
20203,Trump,GOP,0.834711
20205,Trump,GOP,0.79742
20207,Trump,GOP,0.794308
20209,Trump,GOP,0.333433
21001,Trump,GOP,0.830309
21003,Trump,GOP,0.810231
21005,Trump,GOP,0.729352
21007,Trump,GOP,0.79432
21009,Trump,GOP,0.730691
21011,Trump,GOP,0.70837
21013,Trump,GOP,0.810434
21015,Trump,GOP,0.669265
21017,Trump,GOP,0.641916
21019,Trump,GOP,0.657513
21021,Trump,GOP,0.613258
21023,Trump,GOP,0.80066
21025,Trump,GOP,0.7534
21027,Trump,GOP,0.755222
21029,Trump,GOP,0.731753
21031,Trump,GOP,0.810193
21033,Trump,GOP,0.763223
21035,Trump,GOP,0.650656
21037,Trump,GOP,0.583241
21039,Trump,GOP,0.818423
21041,Trump,GOP,0.714389
21043,Trump,GOP,0.757445
21045,Trump,GOP,0.861665
21047,Trump,GOP,0.631941
21049,Trump,GOP,0.651534
21051,Trump,GOP,0.87971
21053,Trump,GOP,0.867802
21055,Trump,GOP,0.813531
21057,Trump,GOP,0.836809
21059,Trump,GOP,0.630013
21061,Trump,GOP,0.787473
21063,Trump,GOP,0.749917
21065,Trump,GOP,0.780055
21067,Trump,GOP,0.385426
21069,Trump,GOP,0.783187
21071,Trump,GOP,0.74919
21073,Trump,GOP,0.494993
21075,Trump,GOP,0.662268
21077,Trump,GOP,0.767732
21079,Trump,GOP,0.776054
21081,Trump,GOP,0.785611
21083,Trump,GOP,0.775956
21085,Trump,GOP,0.788868
21087,Trump,GOP,0.832416
21089,Trump,GOP,0.71875
21091,Trump,GOP,0.685633
21093,Trump,GOP,0.60955
21095,Trump,GOP,0.853796
21097,Trump,GOP,0.715464
21099,Trump,GOP,0.758155
21101,Trump,GOP,0.615333
21103,Trump,GOP,0.720735
21105,Trump,GOP,0.779445
21107,Trump,GOP,0.732577
21109,Trump,GOP,0.892033
21111,Trump,GOP,0.390078
21113,Trump,GOP,0.651251
21115,Trump,GOP,0.829082
21117,Trump,GOP,0.586081
21119,Trump,GOP,0.764555
21121,Trump,GOP,0.829654
21123,Trump,GOP,0.77866
21125,Trump,GOP,0.82691
21127,Trump,GOP,0.809921
21129,Trump,GOP,0.811496
21131,Trump,GOP,0.89815
21133,Trump,GOP,0.791024
21135,Trump,GOP,0.847527
21137,Trump,GOP,0.77788
21139,Trump,GOP,0.801519
21141,Trump,GOP,0.734408
21143,Trump,GOP,0.733207
21145,Trump,GOP,0.650838
21147,Trump,GOP,0.880186
21149,Trump,GOP,0.759724
21151,Trump,GOP,0.622987
21153,Trump,GOP,0.766293
21155,Trump,GOP,0.6847
21157,Trump,GOP,0.755468
21159,Trump,GOP,0.889567
21161,Trump,GOP,0.688238
21163,Trump,GOP,0.721777
21165,Trump,GOP,0.745003
21167,Trump,GOP,0.72484
21169,Trump,GOP,0.789904
21171,Trump,GOP,0.868293
21173,Trump,GOP,0.700553
21175,Trump,GOP,0.776074
21177,Trump,GOP,0.737615
21179,Trump,GOP,0.675543
21181,Trump,GOP,0.709069
21183,Trump,GOP,0.771277
21185,Trump,GOP,0.597101
21187,Trump,GOP,0.786657
21189,Trump,GOP,0.881329
21191,Trump,GOP,0.79639
21193,Trump,GOP,0.76501
21195,Trump,GOP,0.799306
21197,Trump,GOP,0.73406
21199,Trump,GOP,0.806658
21201,Trump,GOP,0.771379
21203,Trump,GOP,0.845047
21205,Trump,GOP,0.595944
21207,Trump,GOP,0.839736
21209,Trump,GOP,0.613586
21211,Trump,GOP,0.639414
21213,Trump,GOP,0.674301
21215,Trump,GOP,0.764459
21217,Trump,GOP,0.749361
21219,Trump,GOP,0.758119
21221,Trump,GOP,0.744
21223,Trump,GOP,0.747164
21225,Trump,GOP,0.755018
21227,Trump,GOP,0.574322
21229,Trump,GOP,0.720231
21231,Trump,GOP,0.804113
21233,Trump,GOP,0.752128
21235,Trump,GOP,0.818857
21237,Trump,GOP,0.703927
21239,Trump,GOP,0.549734
22001,Trump,GOP,0.794934
22003,Trump,GOP,0.772069
22005,Trump,GOP,0.65282
22007,Trump,GOP,0.647174
22009,Trump,GOP,0.695582
22011,Trump,GOP,0.82992
22013,Trump,GOP,0.551915
22015,Trump,GOP,0.696624
22017,Trump,GOP,0.457726
22019,Trump,GOP,0.666151
22021,Trump,GOP,0.834943
22023,Trump,GOP,0.908888
22025,Trump,GOP,0.728901
22027,Trump,GOP,0.572948
22029,Trump,GOP,0.628681
22031,Trump,GOP,0.61835
22033,Trump,GOP,0.424725
22035,Trump,GOP,0.355731
22037,Trump,GOP,0.577029
22039,Trump,GOP,0.717168
22041,Trump,GOP,0.717078
22043,Trump,GOP,0.864246
22045,Trump,GOP,0.649619
22047,Trump,GOP,0.472098
22049,Trump,GOP,0.706761
22051,Trump,GOP,0.546882
22053,Trump,GOP,0.769692
22055,Trump,GOP,0.633238
22057,Trump,GOP,0.79369
22059,Trump,GOP,0.901229
22061,Trump,GOP,0.586822
22063,Trump,GOP,0.841285
22065,Trump,GOP,0.413276
22067,Trump,GOP,0.562468
22069,Trump,GOP,0.565301
22071,Trump,GOP,0.14995
22073,Trump,GOP,0.610922
22075,Trump,GOP,0.672962
22077,Trump,GOP,0.606499
22079,Trump,GOP,0.65144
22081,Trump,GOP,0.583979
22083,Trump,GOP,0.664688
22085,Trump,GOP,0.828237
22087,Trump,GOP,0.633371
22089,Trump,GOP,0.639373
22091,Trump,GOP,0.440728
22093,Trump,GOP,0.472915
22095,Trump,GOP,0.351717
22097,Trump,GOP,0.563032
22099,Trump,GOP,0.673238
22101,Trump,GOP,0.638791
22103,Trump,GOP,0.711341
22105,Trump,GOP,0.65566
22107,Trump,GOP,0.468677
22109,Trump,GOP,0.742625
22111,Trump,GOP,0.750558
22113,Trump,GOP,0.802591
22115,Trump,GOP,0.816945
22117,Trump,GOP,0.681956
22119,Trump,GOP,0.649429
22121,Trump,GOP,0.545081
22123,Trump,GOP,0.854513
22125,Trump,GOP,0.616305
22127,Trump,GOP,0.742008
25023,Biden,Dem,0.577821
25017,Biden,Dem,0.718267
25005,Biden,Dem,0.551036
25003,Biden,Dem,0.726592
25013,Biden,Dem,0.57933
25009,Biden,Dem,0.637263
25015,Biden,Dem,0.724162
25027,Biden,Dem,0.578378
25011,Biden,Dem,0.709879
25021,Biden,Dem,0.673929
25001,Biden,Dem,0.614116
25025,Biden,Dem,0.810458
25007,Biden,Dem,0.776655
25019,Biden,Dem,0.720214
24001,Biden,Dem,0.300154
24003,Biden,Dem,0.563081
24005,Biden,Dem,0.627349
24510,Biden,Dem,0.877518
24009,Biden,Dem,0.462545
24011,Biden,Dem,0.323924
24013,Biden,Dem,0.366731
24015,Biden,Dem,0.355573
24017,Biden,Dem,0.698056
24019,Biden,Dem,0.430338
24021,Biden,Dem,0.53729
24023,Biden,Dem,0.210604
24025,Biden,Dem,0.428573
24027,Biden,Dem,0.713822
24029,Biden,Dem,0.496182
24031,Biden,Dem,0.792284
24033,Biden,Dem,0.896789
24035,Biden,Dem,0.356029
24037,Biden,Dem,0.418114
24039,Biden,Dem,0.419195
24041,Biden,Dem,0.493839
24043,Biden,Dem,0.38578
24045,Biden,Dem,0.479695
24047,Biden,Dem,0.397884
23021,Biden,Dem,0.355073
23031,Biden,Dem,0.549069
23029,Biden,Dem,0.389638
23011,Biden,Dem,0.485762
23003,Biden,Dem,0.390465
23015,Biden,Dem,0.537594
23019,Biden,Dem,0.442323
23009,Biden,Dem,0.548363
23017,Biden,Dem,0.440566
23025,Biden,Dem,0.369918
23013,Biden,Dem,0.587275
23023,Biden,Dem,0.562822
23007,Biden,Dem,0.464002
23005,Biden,Dem,0.668615
23027,Biden,Dem,0.507586
23001,Biden,Dem,0.470469
26001,Biden,Dem,0.303271
26003,Biden,Dem,0.400351
26005,Biden,Dem,0.364464
26007,Biden,Dem,0.353648
26009,Biden,Dem,0.373691
26011,Biden,Dem,0.314121
26013,Biden,Dem,0.366204
26015,Biden,Dem,0.328561
26017,Biden,Dem,0.43402
26019,Biden,Dem,0.446982
26021,Biden,Dem,0.45446
26023,Biden,Dem,0.299912
26025,Biden,Dem,0.435708
26027,Biden,Dem,0.3483
26029,Biden,Dem,0.408176
26031,Biden,Dem,0.342639
26033,Biden,Dem,0.376871
26035,Biden,Dem,0.319329
26037,Biden,Dem,0.458526
26039,Biden,Dem,0.339906
26041,Biden,Dem,0.359605
26043,Biden,Dem,0.325177
26045,Biden,Dem,0.486735
26047,Biden,Dem,0.435696
26049,Biden,Dem,0.539455
26051,Biden,Dem,0.309799
26053,Biden,Dem,0.43189
26055,Biden,Dem,0.476248
26057,Biden,Dem,0.349942
26059,Biden,Dem,0.252619
26061,Biden,Dem,0.418896
26063,Biden,Dem,0.297771
26065,Biden,Dem,0.651964
26067,Biden,Dem,0.338488
26069,Biden,Dem,0.349827
26071,Biden,Dem,0.367212
26073,Biden,Dem,0.478493
26075,Biden,Dem,0.395757
26077,Biden,Dem,0.583682
26079,Biden,Dem,0.282408
26081,Biden,Dem,0.520772
26083,Biden,Dem,0.431599
26085,Biden,Dem,0.361854
26087,Biden,Dem,0.310923
26089,Biden,Dem,0.520476
26091,Biden,Dem,0.391914
26093,Biden,Dem,0.379189
26095,Biden,Dem,0.280573
26097,Biden,Dem,0.375196
26099,Biden,Dem,0.453143
26101,Biden,Dem,0.416746
26103,Biden,Dem,0.546345
26105,Biden,Dem,0.394342
26107,Biden,Dem,0.350423
26109,Biden,Dem,0.342377
26111,Biden,Dem,0.417602
26113,Biden,Dem,0.224697
26115,Biden,Dem,0.378379
26117,Biden,Dem,0.302406
26119,Biden,Dem,0.277863
26121,Biden,Dem,0.493785
26123,Biden,Dem,0.289918
26125,Biden,Dem,0.563676
26127,Biden,Dem,0.351586
26129,Biden,Dem,0.291845
26131,Biden,Dem,0.365668
26133,Biden,Dem,0.260686
26135,Biden,Dem,0.275339
26137,Biden,Dem,0.321429
26139,Biden,Dem,0.383717
26141,Biden,Dem,0.348957
26143,Biden,Dem,0.343987
26145,Biden,Dem,0.494335
26147,Biden,Dem,0.340669
26149,Biden,Dem,0.331555
26151,Biden,Dem,0.265793
26153,Biden,Dem,0.334879
26155,Biden,Dem,0.391305
26157,Biden,Dem,0.295904
26159,Biden,Dem,0.430151
26161,Biden,Dem,0.72654
26163,Biden,Dem,0.684527
26165,Biden,Dem,0.319628
27001,Biden,Dem,0.36034
27003,Biden,Dem,0.479322
27005,Biden,Dem,0.340376
27007,Biden,Dem,0.473499
27009,Biden,Dem,0.327662
27011,Biden,Dem,0.354545
27013,Biden,Dem,0.509605
27015,Biden,Dem,0.325659
27017,Biden,Dem,0.496949
27019,Biden,Dem,0.465419
27021,Biden,Dem,0.347412
27023,Biden,Dem,0.337324
27025,Biden,Dem,0.342233
27027,Biden,Dem,0.508961
27029,Biden,Dem,0.268142
27031,Biden,Dem,0.659445
27033,Biden,Dem,0.300804
27035,Biden,Dem,0.342525
27037,Biden,Dem,0.559391
27039,Biden,Dem,0.335527
27041,Biden,Dem,0.326202
27043,Biden,Dem,0.320705
27045,Biden,Dem,0.375991
27047,Biden,Dem,0.410279
27049,Biden,Dem,0.413274
27051,Biden,Dem,0.356164
27053,Biden,Dem,0.707164
27055,Biden,Dem,0.424993
27057,Biden,Dem,0.345169
27059,Biden,Dem,0.295423
27061,Biden,Dem,0.40685
27063,Biden,Dem,0.300189
27065,Biden,Dem,0.300737
27067,Biden,Dem,0.36203
27069,Biden,Dem,0.38251
27071,Biden,Dem,0.385083
27073,Biden,Dem,0.358542
27075,Biden,Dem,0.507727
27077,Biden,Dem,0.279002
27079,Biden,Dem,0.338102
27081,Biden,Dem,0.301093
27083,Biden,Dem,0.36023
27085,Biden,Dem,0.307018
27087,Biden,Dem,0.483058
27089,Biden,Dem,0.253872
27091,Biden,Dem,0.301029
27093,Biden,Dem,0.286508
27095,Biden,Dem,0.300286
27097,Biden,Dem,0.223662
27099,Biden,Dem,0.461064
27101,Biden,Dem,0.296744
27103,Biden,Dem,0.504536
27105,Biden,Dem,0.337437
27107,Biden,Dem,0.408972
27109,Biden,Dem,0.54335
27111,Biden,Dem,0.329322
27113,Biden,Dem,0.353573
27115,Biden,Dem,0.339281
27117,Biden,Dem,0.264801
27119,Biden,Dem,0.349371
27121,Biden,Dem,0.353504
27123,Biden,Dem,0.717755
27125,Biden,Dem,0.315525
27127,Biden,Dem,0.284833
27129,Biden,Dem,0.307541
27131,Biden,Dem,0.488697
27133,Biden,Dem,0.297628
27135,Biden,Dem,0.260228
27137,Biden,Dem,0.568049
27139,Biden,Dem,0.456385
27141,Biden,Dem,0.325572
27143,Biden,Dem,0.286476
27145,Biden,Dem,0.376642
27147,Biden,Dem,0.375641
27149,Biden,Dem,0.379392
27151,Biden,Dem,0.344069
27153,Biden,Dem,0.248262
27155,Biden,Dem,0.354995
27157,Biden,Dem,0.358555
27159,Biden,Dem,0.264065
27161,Biden,Dem,0.337321
27163,Biden,Dem,0.536273
27165,Biden,Dem,0.382778
27167,Biden,Dem,0.299213
27169,Biden,Dem,0.491847
27171,Biden,Dem,0.345889
27173,Biden,Dem,0.306185
29001,Trump,GOP,0.620513
29003,Trump,GOP,0.74395
29005,Trump,GOP,0.78145
29007,Trump,GOP,0.726009
29009,Trump,GOP,0.796576
29011,Trump,GOP,0.85042
29013,Trump,GOP,0.783864
29015,Trump,GOP,0.774129
29017,Trump,GOP,0.863614
29019,Trump,GOP,0.424075
29021,Trump,GOP,0.613421
29023,Trump,GOP,0.804961
29025,Trump,GOP,0.7956
29027,Trump,GOP,0.700804
29029,Trump,GOP,0.759713
29031,Trump,GOP,0.717135
29033,Trump,GOP,0.817741
29035,Trump,GOP,0.846048
29037,Trump,GOP,0.648054
29039,Trump,GOP,0.821809
29041,Trump,GOP,0.763248
29043,Trump,GOP,0.745755
29045,Trump,GOP,0.787272
29047,Trump,GOP,0.510598
29049,Trump,GOP,0.716293
29051,Trump,GOP,0.660171
29053,Trump,GOP,0.721749
29055,Trump,GOP,0.795134
29057,Trump,GOP,0.828842
29059,Trump,GOP,0.816757
29061,Trump,GOP,0.793553
29063,Trump,GOP,0.790419
29065,Trump,GOP,0.838281
29067,Trump,GOP,0.842571
29069,Trump,GOP,0.780785
29071,Trump,GOP,0.709019
29073,Trump,GOP,0.785309
29075,Trump,GOP,0.797836
29077,Trump,GOP,0.589991
29079,Trump,GOP,0.807978
29081,Trump,GOP,0.836078
29083,Trump,GOP,0.744067
29085,Trump,GOP,0.780709
29087,Trump,GOP,0.843363
29089,Trump,GOP,0.697898
29091,Trump,GOP,0.814082
29093,Trump,GOP,0.783101
29097,Trump,GOP,0.720743
29099,Trump,GOP,0.660364
29101,Trump,GOP,0.669881
29103,Trump,GOP,0.80151
29105,Trump,GOP,0.819557
29107,Trump,GOP,0.719782
29109,Trump,GOP,0.805697
29111,Trump,GOP,0.770883
29113,Trump,GOP,0.752938
29115,Trump,GOP,0.762629
29117,Trump,GOP,0.779488
29119,Trump,GOP,0.82468
29121,Trump,GOP,0.775396
29123,Trump,GOP,0.807611
29125,Trump,GOP,0.815762
29127,Trump,GOP,0.742975
29129,Trump,GOP,0.866217
29131,Trump,GOP,0.821971
29133,Trump,GOP,0.743692
29135,Trump,GOP,0.802571
29137,Trump,GOP,0.775597
29139,Trump,GOP,0.773562
29141,Trump,GOP,0.784442
29143,Trump,GOP,0.751518
29145,Trump,GOP,0.779148
29147,Trump,GOP,0.694276
29149,Trump,GOP,0.811775
29151,Trump,GOP,0.852235
29153,Trump,GOP,0.835526
29155,Trump,GOP,0.718396
29157,Trump,GOP,0.810522
29159,Trump,GOP,0.725492
29161,Trump,GOP,0.689267
29163,Trump,GOP,0.761923
29165,Trump,GOP,0.505109
29167,Trump,GOP,0.786748
29169,Trump,GOP,0.716595
29171,Trump,GOP,0.840322
29173,Trump,GOP,0.776404
29175,Trump,GOP,0.746416
29177,Trump,GOP,0.716371
29179,Trump,GOP,0.828684
29181,Trump,GOP,0.846423
29187,Trump,GOP,0.73251
29186,Trump,GOP,0.699072
29195,Trump,GOP,0.677697
29197,Trump,GOP,0.801797
29199,Trump,GOP,0.78629
29201,Trump,GOP,0.777119
29203,Trump,GOP,0.810292
29205,Trump,GOP,0.80597
29207,Trump,GOP,0.855355
29209,Trump,GOP,0.800736
29211,Trump,GOP,0.798867
29213,Trump,GOP,0.780692
29215,Trump,GOP,0.837649
29217,Trump,GOP,0.778987
29219,Trump,GOP,0.719643
29221,Trump,GOP,0.806959
29223,Trump,GOP,0.848418
29225,Trump,GOP,0.792374
29227,Trump,GOP,0.792231
29229,Trump,GOP,0.852844
29189,Trump,GOP,0.372036
29510,Trump,GOP,0.160502
29183,Trump,GOP,0.57835
29095,Trump,GOP,0.380061
29185,Trump,GOP,0.790511
28001,Trump,GOP,0.413984
28003,Trump,GOP,0.811625
28005,Trump,GOP,0.625764
28007,Trump,GOP,0.586875
28009,Trump,GOP,0.599207
28011,Trump,GOP,0.339857
28013,Trump,GOP,0.701821
28015,Trump,GOP,0.6883
28017,Trump,GOP,0.512836
28019,Trump,GOP,0.710632
28021,Trump,GOP,0.135536
28023,Trump,GOP,0.649676
28025,Trump,GOP,0.410344
28027,Trump,GOP,0.279379
28029,Trump,GOP,0.485135
28031,Trump,GOP,0.625427
28033,Trump,GOP,0.610346
28035,Trump,GOP,0.546218
28037,Trump,GOP,0.655234
28039,Trump,GOP,0.879084
28041,Trump,GOP,0.824845
28043,Trump,GOP,0.557327
28045,Trump,GOP,0.769767
28047,Trump,GOP,0.617965
28049,Trump,GOP,0.251423
28051,Trump,GOP,0.1687
28053,Trump,GOP,0.266889
28055,Trump,GOP,0.455621
28057,Trump,GOP,0.872354
28059,Trump,GOP,0.665438
28061,Trump,GOP,0.492445
28063,Trump,GOP,0.135875
28065,Trump,GOP,0.407854
28067,Trump,GOP,0.705394
28069,Trump,GOP,0.377721
28071,Trump,GOP,0.552833
28073,Trump,GOP,0.726839
28075,Trump,GOP,0.574999
28077,Trump,GOP,0.647966
28079,Trump,GOP,0.568261
28081,Trump,GOP,0.655058
28083,Trump,GOP,0.287249
28085,Trump,GOP,0.690197
28087,Trump,GOP,0.506589
28089,Trump,GOP,0.553103
28091,Trump,GOP,0.679396
28093,Trump,GOP,0.478346
28095,Trump,GOP,0.647604
28097,Trump,GOP,0.574778
28099,Trump,GOP,0.710929
28101,Trump,GOP,0.687126
28103,Trump,GOP,0.232253
28105,Trump,GOP,0.455737
28107,Trump,GOP,0.515774
28109,Trump,GOP,0.815337
28111,Trump,GOP,0.760649
28113,Trump,GOP,0.488929
28115,Trump,GOP,0.804262
28117,Trump,GOP,0.786359
28119,Trump,GOP,0.318041
28121,Trump,GOP,0.720331
28123,Trump,GOP,0.585577
28125,Trump,GOP,0.315163
28127,Trump,GOP,0.646212
28129,Trump,GOP,0.775549
28131,Trump,GOP,0.757045
28133,Trump,GOP,0.289123
28135,Trump,GOP,0.437643
28137,Trump,GOP,0.665012
28139,Trump,GOP,0.797268
28141,Trump,GOP,0.868133
28143,Trump,GOP,0.259966
28145,Trump,GOP,0.817866
28147,Trump,GOP,0.59278
28149,Trump,GOP,0.492329
28151,Trump,GOP,0.294314
28153,Trump,GOP,0.627188
28155,Trump,GOP,0.795366
28157,Trump,GOP,0.320814
28159,Trump,GOP,0.553486
28161,Trump,GOP,0.561744
28163,Trump,GOP,0.463013
30001,Trump,GOP,0.692987
30003,Trump,GOP,0.461329
30005,Trump,GOP,0.471286
30007,Trump,GOP,0.774469
30009,Trump,GOP,0.633579
30011,Trump,GOP,0.896991
30013,Trump,GOP,0.584556
30015,Trump,GOP,0.637774
30017,Trump,GOP,0.717577
30019,Trump,GOP,0.787968
30021,Trump,GOP,0.77886
30023,Trump,GOP,0.446943
30025,Trump,GOP,0.873016
30027,Trump,GOP,0.748271
30029,Trump,GOP,0.639365
30031,Trump,GOP,0.446555
30033,Trump,GOP,0.939729
30035,Trump,GOP,0.33541
30037,Trump,GOP,0.823062
30039,Trump,GOP,0.675071
30041,Trump,GOP,0.550961
30043,Trump,GOP,0.655748
30045,Trump,GOP,0.77381
30047,Trump,GOP,0.560688
30049,Trump,GOP,0.506542
30051,Trump,GOP,0.758079
30053,Trump,GOP,0.738231
30055,Trump,GOP,0.847518
30057,Trump,GOP,0.688517
30059,Trump,GOP,0.75045
30061,Trump,GOP,0.713227
30063,Trump,GOP,0.368515
30065,Trump,GOP,0.841027
30067,Trump,GOP,0.520923
30069,Trump,GOP,0.856322
30071,Trump,GOP,0.812762
30073,Trump,GOP,0.67813
30075,Trump,GOP,0.853873
30077,Trump,GOP,0.740799
30079,Trump,GOP,0.810484
30081,Trump,GOP,0.670502
30083,Trump,GOP,0.827872
30085,Trump,GOP,0.496888
30087,Trump,GOP,0.658892
30089,Trump,GOP,0.742587
30091,Trump,GOP,0.691133
30093,Trump,GOP,0.415103
30095,Trump,GOP,0.779525
30097,Trump,GOP,0.752249
30099,Trump,GOP,0.708888
30101,Trump,GOP,0.753185
30103,Trump,GOP,0.81087
30105,Trump,GOP,0.735743
30107,Trump,GOP,0.770599
30109,Trump,GOP,0.862876
30111,Trump,GOP,0.605719
37001,Trump,GOP,0.535903
37003,Trump,GOP,0.786457
37005,Trump,GOP,0.746045
37007,Trump,GOP,0.475769
37009,Trump,GOP,0.72516
37011,Trump,GOP,0.759585
37013,Trump,GOP,0.625599
37015,Trump,GOP,0.389172
37017,Trump,GOP,0.565583
37019,Trump,GOP,0.620473
37021,Trump,GOP,0.387282
37023,Trump,GOP,0.69654
37025,Trump,GOP,0.540987
37027,Trump,GOP,0.751339
37029,Trump,GOP,0.72617
37031,Trump,GOP,0.704635
37033,Trump,GOP,0.588787
37035,Trump,GOP,0.679711
37037,Trump,GOP,0.436924
37039,Trump,GOP,0.770282
37041,Trump,GOP,0.5749
37043,Trump,GOP,0.742807
37045,Trump,GOP,0.65964
37047,Trump,GOP,0.637045
37049,Trump,GOP,0.58583
37051,Trump,GOP,0.408901
37053,Trump,GOP,0.723408
37055,Trump,GOP,0.576546
37057,Trump,GOP,0.731649
37059,Trump,GOP,0.722216
37061,Trump,GOP,0.607782
37063,Trump,GOP,0.180955
37065,Trump,GOP,0.3617
37067,Trump,GOP,0.423881
37069,Trump,GOP,0.560935
37071,Trump,GOP,0.633588
37073,Trump,GOP,0.564459
37075,Trump,GOP,0.796308
37077,Trump,GOP,0.527772
37079,Trump,GOP,0.557411
37081,Trump,GOP,0.378143
37083,Trump,GOP,0.391578
37085,Trump,GOP,0.604592
37087,Trump,GOP,0.626327
37089,Trump,GOP,0.586816
37091,Trump,GOP,0.327589
37093,Trump,GOP,0.437639
37095,Trump,GOP,0.569936
37097,Trump,GOP,0.656105
37099,Trump,GOP,0.531548
37101,Trump,GOP,0.615023
37103,Trump,GOP,0.594095
37105,Trump,GOP,0.568701
37107,Trump,GOP,0.514094
37109,Trump,GOP,0.724877
37111,Trump,GOP,0.735162
37113,Trump,GOP,0.687684
37115,Trump,GOP,0.611933
37117,Trump,GOP,0.521267
37119,Trump,GOP,0.317121
37121,Trump,GOP,0.785422
37123,Trump,GOP,0.655062
37125,Trump,GOP,0.631489
37127,Trump,GOP,0.494846
37129,Trump,GOP,0.48152
37131,Trump,GOP,0.394755
37133,Trump,GOP,0.639209
37135,Trump,GOP,0.238144
37137,Trump,GOP,0.636268
37139,Trump,GOP,0.492266
37141,Trump,GOP,0.64355
37143,Trump,GOP,0.656095
37145,Trump,GOP,0.602807
37147,Trump,GOP,0.446197
37149,Trump,GOP,0.623449
37151,Trump,GOP,0.777071
37153,Trump,GOP,0.57034
37155,Trump,GOP,0.590098
37157,Trump,GOP,0.655724
37159,Trump,GOP,0.673079
37161,Trump,GOP,0.724481
37163,Trump,GOP,0.609373
37165,Trump,GOP,0.506369
37167,Trump,GOP,0.751151
37169,Trump,GOP,0.784743
37171,Trump,GOP,0.752795
37173,Trump,GOP,0.590129
37175,Trump,GOP,0.571962
37177,Trump,GOP,0.575524
37179,Trump,GOP,0.615237
37181,Trump,GOP,0.400067
37183,Trump,GOP,0.359303
37185,Trump,GOP,0.365123
37187,Trump,GOP,0.448331
37189,Trump,GOP,0.450117
37191,Trump,GOP,0.553664
37193,Trump,GOP,0.779127
37195,Trump,GOP,0.481378
37197,Trump,GOP,0.801136
37199,Trump,GOP,0.663313
38001,Trump,GOP,0.77305
38003,Trump,GOP,0.642999
38005,Trump,GOP,0.559591
38007,Trump,GOP,0.853312
38009,Trump,GOP,0.744005
38011,Trump,GOP,0.84392
38013,Trump,GOP,0.863597
38015,Trump,GOP,0.688545
38017,Trump,GOP,0.498905
38019,Trump,GOP,0.74466
38021,Trump,GOP,0.721923
38023,Trump,GOP,0.753962
38025,Trump,GOP,0.836621
38027,Trump,GOP,0.678316
38029,Trump,GOP,0.868132
38031,Trump,GOP,0.770362
38033,Trump,GOP,0.850586
38035,Trump,GOP,0.552584
38037,Trump,GOP,0.82971
38039,Trump,GOP,0.726181
38041,Trump,GOP,0.832824
38043,Trump,GOP,0.833333
38045,Trump,GOP,0.742329
38047,Trump,GOP,0.867537
38049,Trump,GOP,0.789052
38051,Trump,GOP,0.798476
38053,Trump,GOP,0.829079
38055,Trump,GOP,0.759957
38057,Trump,GOP,0.827113
38059,Trump,GOP,0.739892
38061,Trump,GOP,0.679663
38063,Trump,GOP,0.644633
38065,Trump,GOP,0.861972
38067,Trump,GOP,0.742754
38069,Trump,GOP,0.747642
38071,Trump,GOP,0.669349
38073,Trump,GOP,0.579012
38075,Trump,GOP,0.808656
38077,Trump,GOP,0.652515
38079,Trump,GOP,0.330877
38081,Trump,GOP,0.612778
38083,Trump,GOP,0.851485
38085,Trump,GOP,0.232432
38087,Trump,GOP,0.892019
38089,Trump,GOP,0.807064
38091,Trump,GOP,0.602588
38093,Trump,GOP,0.705111
38095,Trump,GOP,0.708191
38097,Trump,GOP,0.611394
38099,Trump,GOP,0.699495
38101,Trump,GOP,0.710515
38103,Trump,GOP,0.799747
38105,Trump,GOP,0.822635
31001,Trump,GOP,0.690659
31003,Trump,GOP,0.863243
31005,Trump,GOP,0.915493
31007,Trump,GOP,0.882927
31009,Trump,GOP,0.883281
31011,Trump,GOP,0.824681
31013,Trump,GOP,0.772438
31015,Trump,GOP,0.875976
31017,Trump,GOP,0.875521
31019,Trump,GOP,0.705414
31021,Trump,GOP,0.691504
31023,Trump,GOP,0.787461
31025,Trump,GOP,0.662196
31027,Trump,GOP,0.835468
31029,Trump,GOP,0.873056
31031,Trump,GOP,0.871057
31033,Trump,GOP,0.80021
31035,Trump,GOP,0.80045
31037,Trump,GOP,0.709174
31039,Trump,GOP,0.787913
31041,Trump,GOP,0.849324
31043,Trump,GOP,0.577863
31045,Trump,GOP,0.711235
31047,Trump,GOP,0.71083
31049,Trump,GOP,0.843992
31051,Trump,GOP,0.757379
31053,Trump,GOP,0.650865
31055,Trump,GOP,0.433383
31057,Trump,GOP,0.883884
31059,Trump,GOP,0.752712
31061,Trump,GOP,0.833527
31063,Trump,GOP,0.853472
31065,Trump,GOP,0.831603
31067,Trump,GOP,0.67266
31069,Trump,GOP,0.850209
31071,Trump,GOP,0.867907
31073,Trump,GOP,0.798748
31075,Trump,GOP,0.932836
31077,Trump,GOP,0.807631
31079,Trump,GOP,0.664191
31081,Trump,GOP,0.778782
31083,Trump,GOP,0.837656
31085,Trump,GOP,0.925094
31087,Trump,GOP,0.860449
31089,Trump,GOP,0.861297
31091,Trump,GOP,0.850679
31093,Trump,GOP,0.795773
31095,Trump,GOP,0.703983
31097,Trump,GOP,0.681023
31099,Trump,GOP,0.783019
31101,Trump,GOP,0.812099
31103,Trump,GOP,0.899811
31105,Trump,GOP,0.834045
31107,Trump,GOP,0.792208
31109,Trump,GOP,0.449046
31111,Trump,GOP,0.764073
31113,Trump,GOP,0.904444
31115,Trump,GOP,0.814978
31117,Trump,GOP,0.910596
31119,Trump,GOP,0.757374
31121,Trump,GOP,0.803148
31123,Trump,GOP,0.826359
31125,Trump,GOP,0.786105
31127,Trump,GOP,0.709319
31129,Trump,GOP,0.80634
31131,Trump,GOP,0.679375
31133,Trump,GOP,0.749475
31135,Trump,GOP,0.85557
31137,Trump,GOP,0.829906
31139,Trump,GOP,0.864204
31141,Trump,GOP,0.777515
31143,Trump,GOP,0.795762
31145,Trump,GOP,0.829971
31147,Trump,GOP,0.744789
31149,Trump,GOP,0.884661
31151,Trump,GOP,0.629289
31153,Trump,GOP,0.543299
31155,Trump,GOP,0.715194
31157,Trump,GOP,0.707997
31159,Trump,GOP,0.70991
31161,Trump,GOP,0.857784
31163,Trump,GOP,0.778563
31165,Trump,GOP,0.880658
31167,Trump,GOP,0.810187
31169,Trump,GOP,0.774497
31171,Trump,GOP,0.882904
31173,Trump,GOP,0.507527
31175,Trump,GOP,0.812393
31177,Trump,GOP,0.691453
31179,Trump,GOP,0.727381
31181,Trump,GOP,0.805437
31183,Trump,GOP,0.87251
31185,Trump,GOP,0.747165
33019,Biden,Dem,0.508203
33003,Biden,Dem,0.501159
33009,Biden,Dem,0.614832
33013,Biden,Dem,0.540426
33005,Biden,Dem,0.57716
33001,Biden,Dem,0.440051
33011,Biden,Dem,0.529763
33015,Biden,Dem,0.503345
33017,Biden,Dem,0.566892
33007,Biden,Dem,0.46261
34001,Biden,Dem,0.527083
34003,Biden,Dem,0.576722
34005,Biden,Dem,0.591192
34007,Biden,Dem,0.661581
34009,Biden,Dem,0.414821
34011,Biden,Dem,0.524644
34013,Biden,Dem,0.772695
34015,Biden,Dem,0.502172
34017,Biden,Dem,0.726244
34019,Biden,Dem,0.468377
34021,Biden,Dem,0.693823
34023,Biden,Dem,0.604362
34025,Biden,Dem,0.479414
34027,Biden,Dem,0.514099
34029,Biden,Dem,0.349782
34031,Biden,Dem,0.577081
34033,Biden,Dem,0.426832
34035,Biden,Dem,0.598158
34037,Biden,Dem,0.391994
34039,Biden,Dem,0.672917
34041,Biden,Dem,0.409644
35001,Biden,Dem,0.610085
35003,Biden,Dem,0.255804
35005,Biden,Dem,0.28432
35006,Biden,Dem,0.532966
35007,Biden,Dem,0.434009
35009,Biden,Dem,0.285213
35011,Biden,Dem,0.256382
35013,Biden,Dem,0.580305
35015,Biden,Dem,0.233572
35017,Biden,Dem,0.525805
35019,Biden,Dem,0.563728
35021,Biden,Dem,0.354455
35023,Biden,Dem,0.41692
35025,Biden,Dem,0.194139
35027,Biden,Dem,0.309917
35028,Biden,Dem,0.614496
35029,Biden,Dem,0.439714
35031,Biden,Dem,0.680699
35033,Biden,Dem,0.649665
35035,Biden,Dem,0.359976
35037,Biden,Dem,0.302091
35039,Biden,Dem,0.660933
35041,Biden,Dem,0.2727
35043,Biden,Dem,0.530132
35045,Biden,Dem,0.345795
35047,Biden,Dem,0.684069
35049,Biden,Dem,0.760456
35051,Biden,Dem,0.380992
35053,Biden,Dem,0.519832
35055,Biden,Dem,0.763692
35057,Biden,Dem,0.321934
35059,Biden,Dem,0.214086
35061,Biden,Dem,0.441894
32510,Biden,Dem,0.428226
32001,Biden,Dem,0.236695
32005,Biden,Dem,0.339077
32007,Biden,Dem,0.207448
32009,Biden,Dem,0.151951
32011,Biden,Dem,0.103245
32013,Biden,Dem,0.217347
32015,Biden,Dem,0.179385
32017,Biden,Dem,0.134914
32019,Biden,Dem,0.28021
32021,Biden,Dem,0.355032
32023,Biden,Dem,0.287178
32027,Biden,Dem,0.235776
32029,Biden,Dem,0.313521
32031,Biden,Dem,0.508158
32033,Biden,Dem,0.196612
32003,Biden,Dem,0.536603
36001,Biden,Dem,0.648242
36003,Biden,Dem,0.29216
36005,Biden,Dem,0.83477
36007,Biden,Dem,0.507039
36009,Biden,Dem,0.341832
36011,Biden,Dem,0.445264
36013,Biden,Dem,0.390185
36015,Biden,Dem,0.422266
36017,Biden,Dem,0.372214
36019,Biden,Dem,0.518303
36021,Biden,Dem,0.57414
36023,Biden,Dem,0.478696
36025,Biden,Dem,0.398249
36027,Biden,Dem,0.5406
36029,Biden,Dem,0.564881
36031,Biden,Dem,0.5164
36033,Biden,Dem,0.480326
36035,Biden,Dem,0.334401
36037,Biden,Dem,0.329578
36039,Biden,Dem,0.411634
36041,Biden,Dem,0.340561
36043,Biden,Dem,0.339018
36045,Biden,Dem,0.394704
36047,Biden,Dem,0.770121
36049,Biden,Dem,0.295623
36051,Biden,Dem,0.397521
36053,Biden,Dem,0.435108
36055,Biden,Dem,0.594716
36057,Biden,Dem,0.37752
36059,Biden,Dem,0.542681
36061,Biden,Dem,0.867803
36063,Biden,Dem,0.442246
36065,Biden,Dem,0.412199
36067,Biden,Dem,0.589112
36069,Biden,Dem,0.486397
36071,Biden,Dem,0.492647
36073,Biden,Dem,0.307875
36075,Biden,Dem,0.388153
36077,Biden,Dem,0.463426
36079,Biden,Dem,0.454008
36081,Biden,Dem,0.722258
36083,Biden,Dem,0.516992
36085,Biden,Dem,0.420984
36087,Biden,Dem,0.504355
36089,Biden,Dem,0.432368
36091,Biden,Dem,0.516357
36093,Biden,Dem,0.567517
36095,Biden,Dem,0.340837
36097,Biden,Dem,0.400801
36099,Biden,Dem,0.443177
36101,Biden,Dem,0.342034
36103,Biden,Dem,0.493844
36105,Biden,Dem,0.447194
36107,Biden,Dem,0.384898
36109,Biden,Dem,0.73579
36111,Biden,Dem,0.595168
36113,Biden,Dem,0.488279
36115,Biden,Dem,0.411668
36117,Biden,Dem,0.390392
36119,Biden,Dem,0.676034
36121,Biden,Dem,0.261576
36123,Biden,Dem,0.394631
39001,Trump,GOP,0.81268
39003,Trump,GOP,0.690017
39005,Trump,GOP,0.735169
39007,Trump,GOP,0.60917
39009,Trump,GOP,0.416999
39011,Trump,GOP,0.806969
39013,Trump,GOP,0.712191
39015,Trump,GOP,0.781191
39017,Trump,GOP,0.612787
39019,Trump,GOP,0.756264
39021,Trump,GOP,0.730692
39023,Trump,GOP,0.608146
39025,Trump,GOP,0.675172
39027,Trump,GOP,0.754702
39029,Trump,GOP,0.716613
39031,Trump,GOP,0.736304
39033,Trump,GOP,0.746313
39035,Trump,GOP,0.32406
39037,Trump,GOP,0.811118
39039,Trump,GOP,0.673137
39041,Trump,GOP,0.526576
39043,Trump,GOP,0.549494
39045,Trump,GOP,0.609976
39047,Trump,GOP,0.75111
39049,Trump,GOP,0.335154
39051,Trump,GOP,0.691017
39053,Trump,GOP,0.771433
39055,Trump,GOP,0.609588
39057,Trump,GOP,0.587773
39059,Trump,GOP,0.735517
39061,Trump,GOP,0.412966
39063,Trump,GOP,0.678845
39065,Trump,GOP,0.751038
39067,Trump,GOP,0.75663
39069,Trump,GOP,0.709959
39071,Trump,GOP,0.79697
39073,Trump,GOP,0.70461
39075,Trump,GOP,0.834248
39077,Trump,GOP,0.697296
39079,Trump,GOP,0.764432
39081,Trump,GOP,0.685464
39083,Trump,GOP,0.711714
39085,Trump,GOP,0.561586
39087,Trump,GOP,0.722042
39089,Trump,GOP,0.632052
39091,Trump,GOP,0.769007
39093,Trump,GOP,0.505216
39095,Trump,GOP,0.407676
39097,Trump,GOP,0.697048
39099,Trump,GOP,0.503615
39101,Trump,GOP,0.683838
39103,Trump,GOP,0.610521
39105,Trump,GOP,0.759383
39107,Trump,GOP,0.818928
39109,Trump,GOP,0.713847
39111,Trump,GOP,0.76427
39113,Trump,GOP,0.480753
39115,Trump,GOP,0.736235
39117,Trump,GOP,0.762898
39119,Trump,GOP,0.688754
39121,Trump,GOP,0.809554
39123,Trump,GOP,0.609449
39125,Trump,GOP,0.748969
39127,Trump,GOP,0.741183
39129,Trump,GOP,0.728775
39131,Trump,GOP,0.737754
39133,Trump,GOP,0.555086
39135,Trump,GOP,0.780503
39137,Trump,GOP,0.824102
39139,Trump,GOP,0.691661
39141,Trump,GOP,0.669089
39143,Trump,GOP,0.628359
39145,Trump,GOP,0.705605
39147,Trump,GOP,0.662171
39149,Trump,GOP,0.808856
39151,Trump,GOP,0.585192
39153,Trump,GOP,0.445209
39155,Trump,GOP,0.546573
39157,Trump,GOP,0.692196
39159,Trump,GOP,0.6479
39161,Trump,GOP,0.778743
39163,Trump,GOP,0.768542
39165,Trump,GOP,0.646519
39167,Trump,GOP,0.696419
39169,Trump,GOP,0.677498
39171,Trump,GOP,0.721326
39173,Trump,GOP,0.52913
39175,Trump,GOP,0.743063
40001,Trump,GOP,0.785734
40003,Trump,GOP,0.874447
40005,Trump,GOP,0.845611
40007,Trump,GOP,0.903581
40009,Trump,GOP,0.851409
40011,Trump,GOP,0.803896
40013,Trump,GOP,0.772659
40015,Trump,GOP,0.71133
40017,Trump,GOP,0.7031
40019,Trump,GOP,0.754608
40021,Trump,GOP,0.633567
40023,Trump,GOP,0.805556
40025,Trump,GOP,0.920304
40027,Trump,GOP,0.556672
40029,Trump,GOP,0.828447
40031,Trump,GOP,0.586708
40033,Trump,GOP,0.823095
40035,Trump,GOP,0.776857
40037,Trump,GOP,0.763613
40039,Trump,GOP,0.753905
40041,Trump,GOP,0.786141
40043,Trump,GOP,0.900382
40045,Trump,GOP,0.901228
40047,Trump,GOP,0.756576
40049,Trump,GOP,0.812855
40051,Trump,GOP,0.802476
40053,Trump,GOP,0.860737
40055,Trump,GOP,0.813482
40057,Trump,GOP,0.800643
40059,Trump,GOP,0.892401
40061,Trump,GOP,0.830674
40063,Trump,GOP,0.797818
40065,Trump,GOP,0.777521
40067,Trump,GOP,0.849476
40069,Trump,GOP,0.809457
40071,Trump,GOP,0.744043
40073,Trump,GOP,0.853983
40075,Trump,GOP,0.779982
40077,Trump,GOP,0.808896
40079,Trump,GOP,0.808987
40081,Trump,GOP,0.806891
40083,Trump,GOP,0.723463
40085,Trump,GOP,0.810844
40087,Trump,GOP,0.795124
40089,Trump,GOP,0.827156
40091,Trump,GOP,0.740492
40093,Trump,GOP,0.88953
40095,Trump,GOP,0.806563
40097,Trump,GOP,0.766811
40099,Trump,GOP,0.782491
40101,Trump,GOP,0.658905
40103,Trump,GOP,0.773795
40105,Trump,GOP,0.822136
40107,Trump,GOP,0.757306
40109,Trump,GOP,0.492129
40111,Trump,GOP,0.67547
40113,Trump,GOP,0.687555
40115,Trump,GOP,0.747071
40117,Trump,GOP,0.776157
40119,Trump,GOP,0.600918
40121,Trump,GOP,0.772763
40123,Trump,GOP,0.705287
40125,Trump,GOP,0.718112
40127,Trump,GOP,0.847436
40129,Trump,GOP,0.888222
40131,Trump,GOP,0.763832
40133,Trump,GOP,0.721003
40135,Trump,GOP,0.787274
40137,Trump,GOP,0.816498
40139,Trump,GOP,0.815975
40141,Trump,GOP,0.766617
40143,Trump,GOP,0.564629
40145,Trump,GOP,0.740421
40147,Trump,GOP,0.726607
40149,Trump,GOP,0.855349
40151,Trump,GOP,0.813757
40153,Trump,GOP,0.849197
41001,Biden,Dem,0.237185
41003,Biden,Dem,0.684701
41005,Biden,Dem,0.543714
41007,Biden,Dem,0.543511
41009,Biden,Dem,0.432114
41011,Biden,Dem,0.386031
41013,Biden,Dem,0.247187
41015,Biden,Dem,0.407836
41017,Biden,Dem,0.530736
41019,Biden,Dem,0.299174
41021,Biden,Dem,0.27551
41023,Biden,Dem,0.203105
41025,Biden,Dem,0.200899
41027,Biden,Dem,0.674258
41029,Biden,Dem,0.470476
41031,Biden,Dem,0.369999
41033,Biden,Dem,0.359388
41035,Biden,Dem,0.284167
41037,Biden,Dem,0.182362
41039,Biden,Dem,0.609298
41041,Biden,Dem,0.568397
41043,Biden,Dem,0.367487
41045,Biden,Dem,0.277376
41047,Biden,Dem,0.492198
41049,Biden,Dem,0.268771
41051,Biden,Dem,0.798215
41053,Biden,Dem,0.478115
41055,Biden,Dem,0.21541
41057,Biden,Dem,0.480062
41059,Biden,Dem,0.325827
41061,Biden,Dem,0.286079
41063,Biden,Dem,0.316702
41065,Biden,Dem,0.470471
41067,Biden,Dem,0.661291
41069,Biden,Dem,0.226042
41071,Biden,Dem,0.464148
42001,Biden,Dem,0.32202
42003,Biden,Dem,0.596145
42005,Biden,Dem,0.232527
42007,Biden,Dem,0.405028
42009,Biden,Dem,0.158374
42011,Biden,Dem,0.451956
42013,Biden,Dem,0.277317
42015,Biden,Dem,0.266786
42017,Biden,Dem,0.516644
42019,Biden,Dem,0.331036
42021,Biden,Dem,0.307904
42023,Biden,Dem,0.260477
42025,Biden,Dem,0.333403
42027,Biden,Dem,0.516885
42029,Biden,Dem,0.579875
42031,Biden,Dem,0.239984
42033,Biden,Dem,0.245371
42035,Biden,Dem,0.31217
42037,Biden,Dem,0.337878
42039,Biden,Dem,0.307685
42041,Biden,Dem,0.439599
42043,Biden,Dem,0.535958
42045,Biden,Dem,0.629471
42047,Biden,Dem,0.267479
42049,Biden,Dem,0.498136
42051,Biden,Dem,0.329004
42053,Biden,Dem,0.275132
42055,Biden,Dem,0.277558
42057,Biden,Dem,0.136016
42059,Biden,Dem,0.277944
42061,Biden,Dem,0.2389
42063,Biden,Dem,0.306665
42065,Biden,Dem,0.198344
42067,Biden,Dem,0.18708
42069,Biden,Dem,0.537137
42071,Biden,Dem,0.413386
42073,Biden,Dem,0.346775
42075,Biden,Dem,0.334003
42077,Biden,Dem,0.532112
42079,Biden,Dem,0.423119
42081,Biden,Dem,0.286411
42083,Biden,Dem,0.261893
42085,Biden,Dem,0.363512
42087,Biden,Dem,0.214073
42089,Biden,Dem,0.525594
42091,Biden,Dem,0.626299
42093,Biden,Dem,0.385938
42095,Biden,Dem,0.497754
42097,Biden,Dem,0.299813
42099,Biden,Dem,0.24136
42101,Biden,Dem,0.814417
42103,Biden,Dem,0.39992
42105,Biden,Dem,0.190424
42107,Biden,Dem,0.293571
42109,Biden,Dem,0.256531
42111,Biden,Dem,0.213452
42113,Biden,Dem,0.256189
42115,Biden,Dem,0.286686
42117,Biden,Dem,0.235113
42119,Biden,Dem,0.371613
42121,Biden,Dem,0.285924
42123,Biden,Dem,0.293753
42125,Biden,Dem,0.38056
42127,Biden,Dem,0.32721
42129,Biden,Dem,0.35237
42131,Biden,Dem,0.316597
42133,Biden,Dem,0.369496
44001,Biden,Dem,0.639187
44007,Biden,Dem,0.60979
44009,Biden,Dem,0.589374
44003,Biden,Dem,0.530527
44005,Biden,Dem,0.642383
45001,Trump,GOP,0.660742
45003,Trump,GOP,0.605611
45005,Trump,GOP,0.232396
45007,Trump,GOP,0.703121
45009,Trump,GOP,0.372879
45011,Trump,GOP,0.532119
45013,Trump,GOP,0.543711
45017,Trump,GOP,0.519238
45019,Trump,GOP,0.426292
45021,Trump,GOP,0.714009
45023,Trump,GOP,0.549597
45025,Trump,GOP,0.598485
45027,Trump,GOP,0.499671
45029,Trump,GOP,0.54141
45031,Trump,GOP,0.519234
45033,Trump,GOP,0.502404
45035,Trump,GOP,0.542367
45037,Trump,GOP,0.615153
45039,Trump,GOP,0.381098
45041,Trump,GOP,0.505581
45043,Trump,GOP,0.558716
45045,Trump,GOP,0.581128
45047,Trump,GOP,0.607105
45049,Trump,GOP,0.419774
45051,Trump,GOP,0.661057
45053,Trump,GOP,0.491733
45055,Trump,GOP,0.608731
45057,Trump,GOP,0.607845
45059,Trump,GOP,0.656127
45061,Trump,GOP,0.356779
45063,Trump,GOP,0.64203
45065,Trump,GOP,0.519221
45067,Trump,GOP,0.388398
45069,Trump,GOP,0.440678
45071,Trump,GOP,0.614191
45073,Trump,GOP,0.730255
45075,Trump,GOP,0.33013
45077,Trump,GOP,0.745612
45079,Trump,GOP,0.300859
45081,Trump,GOP,0.669614
45083,Trump,GOP,0.629377
45085,Trump,GOP,0.429272
45087,Trump,GOP,0.617259
45089,Trump,GOP,0.346074
45091,Trump,GOP,0.574294
45015,Trump,GOP,0.549474
46003,Trump,GOP,0.748754
46005,Trump,GOP,0.679
46007,Trump,GOP,0.586644
46009,Trump,GOP,0.744752
46011,Trump,GOP,0.549187
46013,Trump,GOP,0.602952
46015,Trump,GOP,0.702811
46017,Trump,GOP,0.333333
46019,Trump,GOP,0.776968
46021,Trump,GOP,0.85567
46023,Trump,GOP,0.674597
46025,Trump,GOP,0.742162
46027,Trump,GOP,0.431028
46029,Trump,GOP,0.680647
46031,Trump,GOP,0.504287
46033,Trump,GOP,0.701129
46035,Trump,GOP,0.663946
46037,Trump,GOP,0.630567
46039,Trump,GOP,0.722979
46041,Trump,GOP,0.401831
46043,Trump,GOP,0.859988
46045,Trump,GOP,0.774811
46047,Trump,GOP,0.712024
46049,Trump,GOP,0.815567
46051,Trump,GOP,0.699065
46053,Trump,GOP,0.784322
46055,Trump,GOP,0.902375
46057,Trump,GOP,0.76938
46059,Trump,GOP,0.780501
46061,Trump,GOP,0.750838
46063,Trump,GOP,0.920049
46065,Trump,GOP,0.633039
46067,Trump,GOP,0.781524
46069,Trump,GOP,0.794366
46071,Trump,GOP,0.661883
46073,Trump,GOP,0.7167
46075,Trump,GOP,0.831386
46077,Trump,GOP,0.685139
46079,Trump,GOP,0.626767
46081,Trump,GOP,0.632991
46083,Trump,GOP,0.605538
46085,Trump,GOP,0.652473
46087,Trump,GOP,0.713103
46089,Trump,GOP,0.811934
46091,Trump,GOP,0.590909
46093,Trump,GOP,0.722385
46095,Trump,GOP,0.583875
46097,Trump,GOP,0.691564
46099,Trump,GOP,0.533425
46101,Trump,GOP,0.608546
46103,Trump,GOP,0.6096
46105,Trump,GOP,0.839425
46107,Trump,GOP,0.825362
46109,Trump,GOP,0.558161
46111,Trump,GOP,0.763713
46102,Trump,GOP,0.092813
46115,Trump,GOP,0.665191
46117,Trump,GOP,0.728208
46119,Trump,GOP,0.780645
46121,Trump,GOP,0.209531
46123,Trump,GOP,0.801558
46125,Trump,GOP,0.723395
46127,Trump,GOP,0.671259
46129,Trump,GOP,0.762016
46135,Trump,GOP,0.603761
46137,Trump,GOP,0.445916
47001,Trump,GOP,0.652024
47003,Trump,GOP,0.75207
47005,Trump,GOP,0.780716
47007,Trump,GOP,0.820597
47009,Trump,GOP,0.711449
47011,Trump,GOP,0.767791
47013,Trump,GOP,0.825755
47015,Trump,GOP,0.791762
47017,Trump,GOP,0.773205
47019,Trump,GOP,0.799739
47021,Trump,GOP,0.712636
47023,Trump,GOP,0.785121
47025,Trump,GOP,0.819285
47027,Trump,GOP,0.779521
47029,Trump,GOP,0.818494
47031,Trump,GOP,0.736471
47033,Trump,GOP,0.764311
47035,Trump,GOP,0.779702
47037,Trump,GOP,0.323786
47039,Trump,GOP,0.806907
47041,Trump,GOP,0.783743
47043,Trump,GOP,0.725363
47045,Trump,GOP,0.780527
47047,Trump,GOP,0.682649
47049,Trump,GOP,0.852446
47051,Trump,GOP,0.73127
47053,Trump,GOP,0.728156
47055,Trump,GOP,0.741044
47057,Trump,GOP,0.845258
47059,Trump,GOP,0.79253
47061,Trump,GOP,0.820294
47063,Trump,GOP,0.763712
47065,Trump,GOP,0.538593
47067,Trump,GOP,0.864431
47069,Trump,GOP,0.572565
47071,Trump,GOP,0.82848
47073,Trump,GOP,0.821987
47075,Trump,GOP,0.449509
47077,Trump,GOP,0.815058
47079,Trump,GOP,0.747075
47081,Trump,GOP,0.770647
47083,Trump,GOP,0.737385
47085,Trump,GOP,0.743079
47087,Trump,GOP,0.773769
47089,Trump,GOP,0.789862
47091,Trump,GOP,0.829337
47093,Trump,GOP,0.565061
47095,Trump,GOP,0.73353
47097,Trump,GOP,0.632906
47099,Trump,GOP,0.819211
47101,Trump,GOP,0.797647
47103,Trump,GOP,0.78684
47105,Trump,GOP,0.740048
47107,Trump,GOP,0.796655
47109,Trump,GOP,0.806475
47111,Trump,GOP,0.853378
47113,Trump,GOP,0.557475
47115,Trump,GOP,0.747661
47117,Trump,GOP,0.742237
47119,Trump,GOP,0.674455
47121,Trump,GOP,0.807484
47123,Trump,GOP,0.807069
47125,Trump,GOP,0.549618
47127,Trump,GOP,0.81605
47129,Trump,GOP,0.842246
47131,Trump,GOP,0.798018
47133,Trump,GOP,0.788881
47135,Trump,GOP,0.80951
47137,Trump,GOP,0.812351
47139,Trump,GOP,0.81244
47141,Trump,GOP,0.707597
47143,Trump,GOP,0.810474
47145,Trump,GOP,0.74207
47147,Trump,GOP,0.727747
47149,Trump,GOP,0.566329
47151,Trump,GOP,0.884224
47153,Trump,GOP,0.807475
47155,Trump,GOP,0.776032
47159,Trump,GOP,0.788421
47161,Trump,GOP,0.786588
47163,Trump,GOP,0.751433
47165,Trump,GOP,0.685026
47167,Trump,GOP,0.735057
47169,Trump,GOP,0.734367
47171,Trump,GOP,0.794486
47173,Trump,GOP,0.837498
47175,Trump,GOP,0.80178
47177,Trump,GOP,0.740301
47179,Trump,GOP,0.671928
47181,Trump,GOP,0.869207
47183,Trump,GOP,0.756898
47185,Trump,GOP,0.807566
47187,Trump,GOP,0.622384
47189,Trump,GOP,0.676886
47157,Trump,GOP,0.339934
48001,Trump,GOP,0.786119
48003,Trump,GOP,0.843084
48005,Trump,GOP,0.725411
48007,Trump,GOP,0.751811
48009,Trump,GOP,0.896767
48011,Trump,GOP,0.930755
48013,Trump,GOP,0.664551
48015,Trump,GOP,0.786519
48017,Trump,GOP,0.771382
48019,Trump,GOP,0.791142
48021,Trump,GOP,0.559797
48023,Trump,GOP,0.878824
48025,Trump,GOP,0.637986
48027,Trump,GOP,0.533218
48029,Trump,GOP,0.401478
48031,Trump,GOP,0.731488
48033,Trump,GOP,0.954327
48035,Trump,GOP,0.818431
48037,Trump,GOP,0.708841
48039,Trump,GOP,0.583672
48041,Trump,GOP,0.559552
48043,Trump,GOP,0.510369
48045,Trump,GOP,0.881379
48047,Trump,GOP,0.401771
48049,Trump,GOP,0.858109
48051,Trump,GOP,0.78325
48053,Trump,GOP,0.759552
48055,Trump,GOP,0.53755
48057,Trump,GOP,0.71805
48059,Trump,GOP,0.879977
48061,Trump,GOP,0.429506
48063,Trump,GOP,0.716884
48065,Trump,GOP,0.891849
48067,Trump,GOP,0.792373
48069,Trump,GOP,0.769083
48071,Trump,GOP,0.801524
48073,Trump,GOP,0.774093
48075,Trump,GOP,0.852567
48077,Trump,GOP,0.882947
48079,Trump,GOP,0.809
48081,Trump,GOP,0.891512
48083,Trump,GOP,0.882881
48085,Trump,GOP,0.514322
48087,Trump,GOP,0.861842
48089,Trump,GOP,0.750125
48091,Trump,GOP,0.706031
48093,Trump,GOP,0.85092
48095,Trump,GOP,0.834385
48097,Trump,GOP,0.821361
48099,Trump,GOP,0.657216
48101,Trump,GOP,0.81571
48103,Trump,GOP,0.830226
48105,Trump,GOP,0.775095
48107,Trump,GOP,0.714798
48109,Trump,GOP,0.480324
48111,Trump,GOP,0.863269
48113,Trump,GOP,0.334158
48115,Trump,GOP,0.778833
48117,Trump,GOP,0.714534
48119,Trump,GOP,0.834105
48121,Trump,GOP,0.532646
48123,Trump,GOP,0.808943
48125,Trump,GOP,0.86336
48127,Trump,GOP,0.377523
48129,Trump,GOP,0.872573
48131,Trump,GOP,0.483475
48133,Trump,GOP,0.872769
48135,Trump,GOP,0.733429
48137,Trump,GOP,0.837711
48139,Trump,GOP,0.663698
48141,Trump,GOP,0.316263
48143,Trump,GOP,0.811962
48145,Trump,GOP,0.68107
48147,Trump,GOP,0.811184
48149,Trump,GOP,0.785952
48151,Trump,GOP,0.79299
48153,Trump,GOP,0.776851
48155,Trump,GOP,0.807623
48157,Trump,GOP,0.441306
48159,Trump,GOP,0.830705
48161,Trump,GOP,0.802549
48163,Trump,GOP,0.53476
48165,Trump,GOP,0.893244
48167,Trump,GOP,0.605647
48169,Trump,GOP,0.854809
48171,Trump,GOP,0.789726
48173,Trump,GOP,0.935681
48175,Trump,GOP,0.773571
48177,Trump,GOP,0.735844
48179,Trump,GOP,0.878951
48181,Trump,GOP,0.742997
48183,Trump,GOP,0.677601
48185,Trump,GOP,0.759849
48187,Trump,GOP,0.61286
48189,Trump,GOP,0.748852
48191,Trump,GOP,0.851884
48193,Trump,GOP,0.831456
48195,Trump,GOP,0.904156
48197,Trump,GOP,0.841772
48199,Trump,GOP,0.863325
48201,Trump,GOP,0.427013
48203,Trump,GOP,0.722518
48205,Trump,GOP,0.898941
48207,Trump,GOP,0.831075
48209,Trump,GOP,0.436003
48211,Trump,GOP,0.863953
48213,Trump,GOP,0.796227
48215,Trump,GOP,0.409899
48217,Trump,GOP,0.798741
48219,Trump,GOP,0.807412
48221,Trump,GOP,0.81441
48223,Trump,GOP,0.79798
48225,Trump,GOP,0.748119
48227,Trump,GOP,0.786523
48229,Trump,GOP,0.66867
48231,Trump,GOP,0.756027
48233,Trump,GOP,0.875727
48235,Trump,GOP,0.853768
48237,Trump,GOP,0.903755
48239,Trump,GOP,0.825079
48241,Trump,GOP,0.803562
48243,Trump,GOP,0.600766
48245,Trump,GOP,0.502116
48247,Trump,GOP,0.409136
48249,Trump,GOP,0.545248
48251,Trump,GOP,0.75867
48253,Trump,GOP,0.839638
48255,Trump,GOP,0.755954
48257,Trump,GOP,0.663528
48259,Trump,GOP,0.759626
48261,Trump,GOP,0.654639
48263,Trump,GOP,0.88961
48265,Trump,GOP,0.752749
48267,Trump,GOP,0.866928
48269,Trump,GOP,0.949686
48271,Trump,GOP,0.713662
48273,Trump,GOP,0.502924
48275,Trump,GOP,0.81044
48277,Trump,GOP,0.782519
48281,Trump,GOP,0.777575
48283,Trump,GOP,0.554863
48285,Trump,GOP,0.8639
48287,Trump,GOP,0.773559
48289,Trump,GOP,0.868105
48291,Trump,GOP,0.794368
48293,Trump,GOP,0.746454
48295,Trump,GOP,0.890613
48297,Trump,GOP,0.830827
48299,Trump,GOP,0.796192
48301,Trump,GOP,0.909091
48303,Trump,GOP,0.65298
48305,Trump,GOP,0.808112
48313,Trump,GOP,0.787049
48315,Trump,GOP,0.713405
48317,Trump,GOP,0.859722
48319,Trump,GOP,0.806399
48321,Trump,GOP,0.717252
48323,Trump,GOP,0.44839
48307,Trump,GOP,0.845169
48309,Trump,GOP,0.609005
48311,Trump,GOP,0.891473
48325,Trump,GOP,0.690779
48327,Trump,GOP,0.800584
48329,Trump,GOP,0.77518
48331,Trump,GOP,0.754917
48333,Trump,GOP,0.88503
48335,Trump,GOP,0.841411
48337,Trump,GOP,0.877828
48339,Trump,GOP,0.712401
48341,Trump,GOP,0.791394
48343,Trump,GOP,0.693037
48345,Trump,GOP,0.92638
48347,Trump,GOP,0.649329
48349,Trump,GOP,0.72172
48351,Trump,GOP,0.801116
48355,Trump,GOP,0.50754
48357,Trump,GOP,0.891566
48359,Trump,GOP,0.908821
48361,Trump,GOP,0.811398
48363,Trump,GOP,0.815298
48365,Trump,GOP,0.814427
48367,Trump,GOP,0.815309
48369,Trump,GOP,0.80566
48371,Trump,GOP,0.688732
48373,Trump,GOP,0.768082
48375,Trump,GOP,0.684853
48377,Trump,GOP,0.325214
48379,Trump,GOP,0.851644
48381,Trump,GOP,0.785866
48383,Trump,GOP,0.838078
48385,Trump,GOP,0.828961
48387,Trump,GOP,0.777988
48389,Trump,GOP,0.611337
48391,Trump,GOP,0.656761
48393,Trump,GOP,0.961818
48395,Trump,GOP,0.697123
48397,Trump,GOP,0.681752
48399,Trump,GOP,0.863461
48401,Trump,GOP,0.773774
48403,Trump,GOP,0.871879
48405,Trump,GOP,0.751374
48407,Trump,GOP,0.804004
48409,Trump,GOP,0.637979
48411,Trump,GOP,0.88701
48413,Trump,GOP,0.811044
48415,Trump,GOP,0.849037
48417,Trump,GOP,0.911548
48419,Trump,GOP,0.790857
48421,Trump,GOP,0.894046
48423,Trump,GOP,0.690282
48425,Trump,GOP,0.83114
48427,Trump,GOP,0.470585
48429,Trump,GOP,0.890789
48431,Trump,GOP,0.913928
48433,Trump,GOP,0.835598
48435,Trump,GOP,0.784843
48437,Trump,GOP,0.783439
48439,Trump,GOP,0.491124
48441,Trump,GOP,0.717575
48443,Trump,GOP,0.729258
48445,Trump,GOP,0.778516
48447,Trump,GOP,0.901566
48449,Trump,GOP,0.718284
48451,Trump,GOP,0.714984
48453,Trump,GOP,0.265271
48455,Trump,GOP,0.804122
48457,Trump,GOP,0.84824
48459,Trump,GOP,0.837031
48461,Trump,GOP,0.861111
48463,Trump,GOP,0.596983
48465,Trump,GOP,0.542431
48467,Trump,GOP,0.856736
48469,Trump,GOP,0.683382
48471,Trump,GOP,0.651235
48473,Trump,GOP,0.627254
48475,Trump,GOP,0.798276
48477,Trump,GOP,0.744
48479,Trump,GOP,0.378642
48481,Trump,GOP,0.711533
48483,Trump,GOP,0.923834
48485,Trump,GOP,0.696698
48487,Trump,GOP,0.778957
48489,Trump,GOP,0.439899
48491,Trump,GOP,0.48297
48493,Trump,GOP,0.738431
48495,Trump,GOP,0.824553
48497,Trump,GOP,0.835301
48499,Trump,GOP,0.836473
48501,Trump,GOP,0.826302
48503,Trump,GOP,0.863074
48505,Trump,GOP,0.524781
48507,Trump,GOP,0.34026
48279,Trump,GOP,0.798775
48353,Trump,GOP,0.771285
49001,Trump,GOP,0.869355
49003,Trump,GOP,0.797395
49005,Trump,GOP,0.661035
49007,Trump,GOP,0.714377
49009,Trump,GOP,0.801292
49011,Trump,GOP,0.61323
49013,Trump,GOP,0.881394
49015,Trump,GOP,0.864748
49017,Trump,GOP,0.789898
49019,Trump,GOP,0.433558
49021,Trump,GOP,0.762917
49023,Trump,GOP,0.867349
49025,Trump,GOP,0.717225
49027,Trump,GOP,0.877273
49029,Trump,GOP,0.795608
49031,Trump,GOP,0.887486
49033,Trump,GOP,0.848863
49035,Trump,GOP,0.425487
49037,Trump,GOP,0.514032
49039,Trump,GOP,0.828436
49041,Trump,GOP,0.873577
49043,Trump,GOP,0.393008
49045,Trump,GOP,0.666984
49047,Trump,GOP,0.866562
49049,Trump,GOP,0.678232
49051,Trump,GOP,0.614085
49053,Trump,GOP,0.743934
49055,Trump,GOP,0.758174
49057,Trump,GOP,0.591986
51001,Biden,Dem,0.447396
51003,Biden,Dem,0.6606
51005,Biden,Dem,0.273837
51007,Biden,Dem,0.305926
51009,Biden,Dem,0.334355
51011,Biden,Dem,0.261717
51013,Biden,Dem,0.81348
51015,Biden,Dem,0.257104
51017,Biden,Dem,0.258814
51019,Biden,Dem,0.251134
51021,Biden,Dem,0.153094
51023,Biden,Dem,0.270617
51025,Biden,Dem,0.573083
51027,Biden,Dem,0.159626
51029,Biden,Dem,0.428096
51031,Biden,Dem,0.27076
51033,Biden,Dem,0.471142
51035,Biden,Dem,0.181958
51036,Biden,Dem,0.591124
51037,Biden,Dem,0.374919
51043,Biden,Dem,0.421959
51045,Biden,Dem,0.185583
51047,Biden,Dem,0.392713
51049,Biden,Dem,0.420268
51051,Biden,Dem,0.206032
51053,Biden,Dem,0.413198
51057,Biden,Dem,0.492303
51061,Biden,Dem,0.404276
51063,Biden,Dem,0.320392
51065,Biden,Dem,0.469389
51067,Biden,Dem,0.282855
51069,Biden,Dem,0.354447
51071,Biden,Dem,0.235448
51073,Biden,Dem,0.313299
51075,Biden,Dem,0.395726
51077,Biden,Dem,0.189039
51079,Biden,Dem,0.369388
51081,Biden,Dem,0.575592
51083,Biden,Dem,0.420654
51085,Biden,Dem,0.357807
51087,Biden,Dem,0.63901
51089,Biden,Dem,0.350029
51091,Biden,Dem,0.272371
51093,Biden,Dem,0.401084
51095,Biden,Dem,0.5171
51097,Biden,Dem,0.387427
51099,Biden,Dem,0.381531
51101,Biden,Dem,0.304048
51103,Biden,Dem,0.471973
51105,Biden,Dem,0.149919
51107,Biden,Dem,0.61884
51109,Biden,Dem,0.378305
51111,Biden,Dem,0.403336
51113,Biden,Dem,0.332922
51115,Biden,Dem,0.313951
51117,Biden,Dem,0.420405
51119,Biden,Dem,0.368273
51121,Biden,Dem,0.518386
51125,Biden,Dem,0.46582
51127,Biden,Dem,0.320369
51131,Biden,Dem,0.545522
51133,Biden,Dem,0.417298
51135,Biden,Dem,0.420226
51137,Biden,Dem,0.386456
51139,Biden,Dem,0.24083
51141,Biden,Dem,0.205252
51143,Biden,Dem,0.296185
51145,Biden,Dem,0.270106
51147,Biden,Dem,0.521115
51149,Biden,Dem,0.408195
51155,Biden,Dem,0.284238
51157,Biden,Dem,0.42224
51159,Biden,Dem,0.369836
51161,Biden,Dem,0.382615
51163,Biden,Dem,0.331145
51165,Biden,Dem,0.289694
51167,Biden,Dem,0.177513
51169,Biden,Dem,0.156017
51171,Biden,Dem,0.28911
51173,Biden,Dem,0.213273
51175,Biden,Dem,0.405579
51177,Biden,Dem,0.457311
51181,Biden,Dem,0.537203
51183,Biden,Dem,0.556387
51185,Biden,Dem,0.159492
51187,Biden,Dem,0.313876
51191,Biden,Dem,0.231364
51193,Biden,Dem,0.454234
51195,Biden,Dem,0.18753
51197,Biden,Dem,0.208893
51199,Biden,Dem,0.458061
51510,Biden,Dem,0.809721
51520,Biden,Dem,0.29711
51530,Biden,Dem,0.298913
51540,Biden,Dem,0.85872
51550,Biden,Dem,0.524077
51570,Biden,Dem,0.326092
51580,Biden,Dem,0.371627
51590,Biden,Dem,0.6057
51595,Biden,Dem,0.677596
51600,Biden,Dem,0.685548
51610,Biden,Dem,0.816686
51620,Biden,Dem,0.623919
51630,Biden,Dem,0.665703
51640,Biden,Dem,0.295101
51650,Biden,Dem,0.703972
51660,Biden,Dem,0.649231
51670,Biden,Dem,0.566747
51678,Biden,Dem,0.652459
51683,Biden,Dem,0.613071
51685,Biden,Dem,0.657552
51690,Biden,Dem,0.627249
51700,Biden,Dem,0.65624
51710,Biden,Dem,0.720072
51720,Biden,Dem,0.291092
51730,Biden,Dem,0.879838
51735,Biden,Dem,0.262693
51740,Biden,Dem,0.696619
51750,Biden,Dem,0.533948
51760,Biden,Dem,0.834397
51770,Biden,Dem,0.620363
51775,Biden,Dem,0.394453
51790,Biden,Dem,0.540116
51800,Biden,Dem,0.579524
51810,Biden,Dem,0.517862
51820,Biden,Dem,0.464644
51830,Biden,Dem,0.699781
51840,Biden,Dem,0.548821
51041,Biden,Dem,0.526286
51059,Biden,Dem,0.704179
51153,Biden,Dem,0.628447
51179,Biden,Dem,0.507778
51680,Biden,Dem,0.501305
50001,Biden,Dem,0.683924
50019,Biden,Dem,0.509663
50013,Biden,Dem,0.603072
50027,Biden,Dem,0.682531
50003,Biden,Dem,0.623283
50025,Biden,Dem,0.724203
50011,Biden,Dem,0.529817
50005,Biden,Dem,0.560177
50023,Biden,Dem,0.717508
50015,Biden,Dem,0.689841
50021,Biden,Dem,0.539046
50009,Biden,Dem,0.429664
50007,Biden,Dem,0.762039
50017,Biden,Dem,0.605121
53001,Biden,Dem,0.310829
53003,Biden,Dem,0.357744
53005,Biden,Dem,0.378332
53007,Biden,Dem,0.449715
53009,Biden,Dem,0.504253
53011,Biden,Dem,0.51316
53013,Biden,Dem,0.269138
53015,Biden,Dem,0.399173
53017,Biden,Dem,0.368739
53019,Biden,Dem,0.341531
53021,Biden,Dem,0.413951
53023,Biden,Dem,0.24713
53025,Biden,Dem,0.315384
53027,Biden,Dem,0.453628
53029,Biden,Dem,0.54564
53031,Biden,Dem,0.697705
53033,Biden,Dem,0.754476
53035,Biden,Dem,0.572733
53037,Biden,Dem,0.435949
53039,Biden,Dem,0.44203
53041,Biden,Dem,0.322115
53043,Biden,Dem,0.244959
53045,Biden,Dem,0.465321
53047,Biden,Dem,0.420764
53049,Biden,Dem,0.484697
53051,Biden,Dem,0.304593
53053,Biden,Dem,0.541564
53055,Biden,Dem,0.742934
53057,Biden,Dem,0.524453
53059,Biden,Dem,0.439185
53061,Biden,Dem,0.589391
53063,Biden,Dem,0.462897
53065,Biden,Dem,0.277163
53067,Biden,Dem,0.578612
53069,Biden,Dem,0.391992
53071,Biden,Dem,0.440831
53073,Biden,Dem,0.607729
53075,Biden,Dem,0.533486
53077,Biden,Dem,0.45113
55001,Biden,Dem,0.366678
55003,Biden,Dem,0.549691
55005,Biden,Dem,0.363155
55007,Biden,Dem,0.565605
55009,Biden,Dem,0.456103
55011,Biden,Dem,0.366479
55013,Biden,Dem,0.352007
55015,Biden,Dem,0.393991
55017,Biden,Dem,0.389434
55019,Biden,Dem,0.304175
55021,Biden,Dem,0.484771
55023,Biden,Dem,0.454629
55025,Biden,Dem,0.757114
55027,Biden,Dem,0.337815
55029,Biden,Dem,0.500299
55031,Biden,Dem,0.537252
55033,Biden,Dem,0.42097
55035,Biden,Dem,0.544478
55037,Biden,Dem,0.265646
55039,Biden,Dem,0.359968
55041,Biden,Dem,0.34086
55043,Biden,Dem,0.430315
55045,Biden,Dem,0.508101
55047,Biden,Dem,0.31405
55049,Biden,Dem,0.560464
55051,Biden,Dem,0.382867
55053,Biden,Dem,0.417951
55055,Biden,Dem,0.415888
55057,Biden,Dem,0.346854
55059,Biden,Dem,0.476924
55061,Biden,Dem,0.329466
55063,Biden,Dem,0.559331
55065,Biden,Dem,0.4266
55067,Biden,Dem,0.33187
55071,Biden,Dem,0.375813
55073,Biden,Dem,0.402167
55075,Biden,Dem,0.320651
55077,Biden,Dem,0.357901
55078,Biden,Dem,0.819497
55079,Biden,Dem,0.693704
55081,Biden,Dem,0.373687
55083,Biden,Dem,0.289302
55085,Biden,Dem,0.418964
55087,Biden,Dem,0.441484
55089,Biden,Dem,0.432952
55091,Biden,Dem,0.359575
55093,Biden,Dem,0.420989
55095,Biden,Dem,0.355476
55097,Biden,Dem,0.504383
55099,Biden,Dem,0.35491
55101,Biden,Dem,0.472498
55103,Biden,Dem,0.44379
55105,Biden,Dem,0.547861
55107,Biden,Dem,0.319457
55109,Biden,Dem,0.410072
55111,Biden,Dem,0.500484
55113,Biden,Dem,0.428708
55115,Biden,Dem,0.315433
55117,Biden,Dem,0.411688
55119,Biden,Dem,0.252177
55121,Biden,Dem,0.40934
55123,Biden,Dem,0.468699
55125,Biden,Dem,0.384861
55127,Biden,Dem,0.396648
55129,Biden,Dem,0.373407
55131,Biden,Dem,0.302734
55133,Biden,Dem,0.388849
55135,Biden,Dem,0.333563
55137,Biden,Dem,0.323408
55139,Biden,Dem,0.469768
55141,Biden,Dem,0.39717
55069,Biden,Dem,0.379524
54001,Trump,GOP,0.766212
54003,Trump,GOP,0.645755
54005,Trump,GOP,0.756325
54007,Trump,GOP,0.727401
54009,Trump,GOP,0.708052
54011,Trump,GOP,0.581397
54013,Trump,GOP,0.795692
54015,Trump,GOP,0.796137
54017,Trump,GOP,0.844566
54019,Trump,GOP,0.686751
54021,Trump,GOP,0.755823
54023,Trump,GOP,0.88419
54025,Trump,GOP,0.689274
54027,Trump,GOP,0.796451
54029,Trump,GOP,0.71058
54031,Trump,GOP,0.767493
54033,Trump,GOP,0.67891
54035,Trump,GOP,0.747187
54037,Trump,GOP,0.542649
54039,Trump,GOP,0.564151
54041,Trump,GOP,0.775379
54043,Trump,GOP,0.767816
54045,Trump,GOP,0.80869
54049,Trump,GOP,0.63193
54051,Trump,GOP,0.741122
54053,Trump,GOP,0.757922
54047,Trump,GOP,0.788724
54055,Trump,GOP,0.765378
54057,Trump,GOP,0.779988
54059,Trump,GOP,0.852524
54061,Trump,GOP,0.494462
54063,Trump,GOP,0.780894
54065,Trump,GOP,0.751811
54067,Trump,GOP,0.778833
54069,Trump,GOP,0.620866
54071,Trump,GOP,0.760317
54073,Trump,GOP,0.785448
54075,Trump,GOP,0.722305
54077,Trump,GOP,0.767911
54079,Trump,GOP,0.702923
54081,Trump,GOP,0.745273
54083,Trump,GOP,0.710902
54085,Trump,GOP,0.851973
54087,Trump,GOP,0.731043
54089,Trump,GOP,0.729454
54091,Trump,GOP,0.741839
54093,Trump,GOP,0.739074
54095,Trump,GOP,0.82254
54097,Trump,GOP,0.760297
54099,Trump,GOP,0.742609
54101,Trump,GOP,0.810994
54103,Trump,GOP,0.748913
54105,Trump,GOP,0.804372
54107,Trump,GOP,0.70177
54109,Trump,GOP,0.855796
56001,Trump,GOP,0.465138
56003,Trump,GOP,0.841092
56005,Trump,GOP,0.872123
56007,Trump,GOP,0.756031
56009,Trump,GOP,0.852348
56011,Trump,GOP,0.889403
56013,Trump,GOP,0.666907
56015,Trump,GOP,0.785507
56017,Trump,GOP,0.779034
56019,Trump,GOP,0.793498
56021,Trump,GOP,0.624491
56023,Trump,GOP,0.831858
56025,Trump,GOP,0.722235
56027,Trump,GOP,0.856705
56029,Trump,GOP,0.771774
56031,Trump,GOP,0.795186
56033,Trump,GOP,0.72483
56035,Trump,GOP,0.799879
56037,Trump,GOP,0.740254
56039,Trump,GOP,0.2987
56041,Trump,GOP,0.802741
56043,Trump,GOP,0.812672
56045,Trump,GOP,0.879423