year,unemployment,key
2020,4.9     ,01001
2020,5.6     ,01003
2020,7.0     ,01005
2020,6.6     ,01007
2020,4.1     ,01009
2020,5.5     ,01011
2020,8.8     ,01013
2020,7.1     ,01015
2020,6.8     ,01017
2020,4.6     ,01019
2020,5.0     ,01021
2020,6.7     ,01023
2020,9.0     ,01025
2020,4.0     ,01027
2020,4.6     ,01029
2020,4.4     ,01031
2020,6.6     ,01033
2020,7.3     ,01035
2020,5.5     ,01037
2020,4.9     ,01039
2020,5.7     ,01041
2020,4.3     ,01043
2020,4.9     ,01045
2020,10.7     ,01047
2020,4.5     ,01049
2020,4.9     ,01051
2020,6.0     ,01053
2020,7.7     ,01055
2020,5.0     ,01057
2020,4.4     ,01059
2020,4.1     ,01061
2020,10.9     ,01063
2020,9.4     ,01065
2020,4.8     ,01067
2020,5.4     ,01069
2020,5.3     ,01071
2020,6.2     ,01073
2020,4.9     ,01075
2020,5.5     ,01077
2020,4.9     ,01079
2020,5.2     ,01081
2020,4.3     ,01083
2020,13.3     ,01085
2020,9.6     ,01087
2020,4.6     ,01089
2020,6.2     ,01091
2020,5.1     ,01093
2020,4.2     ,01095
2020,7.9     ,01097
2020,8.2     ,01099
2020,7.8     ,01101
2020,4.5     ,01103
2020,10.9     ,01105
2020,6.5     ,01107
2020,4.9     ,01109
2020,4.7     ,01111
2020,5.1     ,01113
2020,4.9     ,01115
2020,3.9     ,01117
2020,7.0     ,01119
2020,7.0     ,01121
2020,6.9     ,01123
2020,6.6     ,01125
2020,5.8     ,01127
2020,8.0     ,01129
2020,14.7     ,01131
2020,4.7     ,01133
2020,4.0     ,02013
2020,4.5     ,02016
2020,7.4     ,02020
2020,11.6     ,02050
2020,7.4     ,02060
2020,15.7     ,02068
2020,8.2     ,02070
2020,6.4     ,02090
2020,15.6     ,02100
2020,13.5     ,02105
2020,6.6     ,02110
2020,9.1     ,02122
2020,9.6     ,02130
2020,6.2     ,02150
2020,19.4     ,02158
2020,9.4     ,02164
2020,8.3     ,02170
2020,10.5     ,02180
2020,5.9     ,02185
2020,12.0     ,02188
2020,8.7     ,02195
2020,9.2     ,02198
2020,6.9     ,02220
2020,21.5     ,02230
2020,7.4     ,02240
2020,8.7     ,02261
2020,8.4     ,02275
2020,8.5     ,02282
2020,12.1     ,02290
2020,12.8     ,04001
2020,7.0     ,04003
2020,9.7     ,04005
2020,7.7     ,04007
2020,6.3     ,04009
2020,5.5     ,04011
2020,7.1     ,04012
2020,7.4     ,04013
2020,10.0     ,04015
2020,10.1     ,04017
2020,7.7     ,04019
2020,7.5     ,04021
2020,11.4     ,04023
2020,7.5     ,04025
2020,17.1     ,04027
2020,4.0     ,05001
2020,9.3     ,05003
2020,5.9     ,05005
2020,4.5     ,05007
2020,5.3     ,05009
2020,5.8     ,05011
2020,5.2     ,05013
2020,5.7     ,05015
2020,10.3     ,05017
2020,5.9     ,05019
2020,6.0     ,05021
2020,7.6     ,05023
2020,6.1     ,05025
2020,6.8     ,05027
2020,6.0     ,05029
2020,5.3     ,05031
2020,5.4     ,05033
2020,8.3     ,05035
2020,6.1     ,05037
2020,5.3     ,05039
2020,7.0     ,05041
2020,6.9     ,05043
2020,5.4     ,05045
2020,5.6     ,05047
2020,5.1     ,05049
2020,8.0     ,05051
2020,5.2     ,05053
2020,6.0     ,05055
2020,5.2     ,05057
2020,5.8     ,05059
2020,5.0     ,05061
2020,5.8     ,05063
2020,8.4     ,05065
2020,7.1     ,05067
2020,8.0     ,05069
2020,6.3     ,05071
2020,7.6     ,05073
2020,6.1     ,05075
2020,7.5     ,05077
2020,6.0     ,05079
2020,6.4     ,05081
2020,6.6     ,05083
2020,5.5     ,05085
2020,3.9     ,05087
2020,6.4     ,05089
2020,6.9     ,05091
2020,9.0     ,05093
2020,6.7     ,05095
2020,6.8     ,05097
2020,5.9     ,05099
2020,5.0     ,05101
2020,6.0     ,05103
2020,5.5     ,05105
2020,9.1     ,05107
2020,5.9     ,05109
2020,5.5     ,05111
2020,6.6     ,05113
2020,5.9     ,05115
2020,5.3     ,05117
2020,7.4     ,05119
2020,5.9     ,05121
2020,7.9     ,05123
2020,5.1     ,05125
2020,4.5     ,05127
2020,6.4     ,05129
2020,6.0     ,05131
2020,5.8     ,05133
2020,7.1     ,05135
2020,7.1     ,05137
2020,8.3     ,05139
2020,7.1     ,05141
2020,4.6     ,05143
2020,6.2     ,05145
2020,5.8     ,05147
2020,5.1     ,05149
2020,8.8     ,06001
2020,11.2     ,06003
2020,9.1     ,06005
2020,9.2     ,06007
2020,7.6     ,06009
2020,16.0     ,06011
2020,8.9     ,06013
2020,9.5     ,06015
2020,8.3     ,06017
2020,11.3     ,06019
2020,8.9     ,06021
2020,8.4     ,06023
2020,22.5     ,06025
2020,7.8     ,06027
2020,12.5     ,06029
2020,11.6     ,06031
2020,9.6     ,06033
2020,7.1     ,06035
2020,12.8     ,06037
2020,10.8     ,06039
2020,6.7     ,06041
2020,10.9     ,06043
2020,8.9     ,06045
2020,12.2     ,06047
2020,8.5     ,06049
2020,11.8     ,06051
2020,10.8     ,06053
2020,8.7     ,06055
2020,8.0     ,06057
2020,8.8     ,06059
2020,7.3     ,06061
2020,10.7     ,06063
2020,9.9     ,06065
2020,9.3     ,06067
2020,9.9     ,06069
2020,9.4     ,06071
2020,9.2     ,06073
2020,7.8     ,06075
2020,11.3     ,06077
2020,7.7     ,06079
2020,6.9     ,06081
2020,8.0     ,06083
2020,7.0     ,06085
2020,9.5     ,06087
2020,8.7     ,06089
2020,8.0     ,06091
2020,9.7     ,06093
2020,9.5     ,06095
2020,7.9     ,06097
2020,10.7     ,06099
2020,11.0     ,06101
2020,8.8     ,06103
2020,8.0     ,06105
2020,13.2     ,06107
2020,10.4     ,06109
2020,8.6     ,06111
2020,7.5     ,06113
2020,10.5     ,06115
2020,8.0     ,08001
2020,6.4     ,08003
2020,7.9     ,08005
2020,7.6     ,08007
2020,2.3     ,08009
2020,4.4     ,08011
2020,6.2     ,08013
2020,6.6     ,08014
2020,6.3     ,08015
2020,2.4     ,08017
2020,8.5     ,08019
2020,5.6     ,08021
2020,7.2     ,08023
2020,5.4     ,08025
2020,5.0     ,08027
2020,6.6     ,08029
2020,8.2     ,08031
2020,6.9     ,08033
2020,5.8     ,08035
2020,9.5     ,08037
2020,4.7     ,08039
2020,7.3     ,08041
2020,7.7     ,08043
2020,6.8     ,08045
2020,11.3     ,08047
2020,8.4     ,08049
2020,6.6     ,08051
2020,4.2     ,08053
2020,9.4     ,08055
2020,4.3     ,08057
2020,7.1     ,08059
2020,2.3     ,08061
2020,2.8     ,08063
2020,8.2     ,08065
2020,6.8     ,08067
2020,6.3     ,08069
2020,7.4     ,08071
2020,4.5     ,08073
2020,4.7     ,08075
2020,7.5     ,08077
2020,5.8     ,08079
2020,6.0     ,08081
2020,7.1     ,08083
2020,6.6     ,08085
2020,5.4     ,08087
2020,6.2     ,08089
2020,8.1     ,08091
2020,5.7     ,08093
2020,2.7     ,08095
2020,10.5     ,08097
2020,4.4     ,08099
2020,8.2     ,08101
2020,5.4     ,08103
2020,7.1     ,08105
2020,7.9     ,08107
2020,7.0     ,08109
2020,6.7     ,08111
2020,10.9     ,08113
2020,3.4     ,08115
2020,9.8     ,08117
2020,7.5     ,08119
2020,3.1     ,08121
2020,7.0     ,08123
2020,2.8     ,08125
2020,7.9     ,09001
2020,8.1     ,09003
2020,6.9     ,09005
2020,6.5     ,09007
2020,8.0     ,09009
2020,9.6     ,09011
2020,6.2     ,09013
2020,7.8     ,09015
2020,8.6     ,10001
2020,7.7     ,10003
2020,7.5     ,10005
2020,8.0     ,11001
2020,5.4     ,12001
2020,4.9     ,12003
2020,6.1     ,12005
2020,5.9     ,12007
2020,6.6     ,12009
2020,8.8     ,12011
2020,5.2     ,12013
2020,7.3     ,12015
2020,8.4     ,12017
2020,5.4     ,12019
2020,6.9     ,12021
2020,5.8     ,12023
2020,5.2     ,12027
2020,5.5     ,12029
2020,6.7     ,12031
2020,6.7     ,12033
2020,7.6     ,12035
2020,5.4     ,12037
2020,6.8     ,12039
2020,4.9     ,12041
2020,5.6     ,12043
2020,5.9     ,12045
2020,7.6     ,12047
2020,6.5     ,12049
2020,8.1     ,12051
2020,8.1     ,12053
2020,7.7     ,12055
2020,7.1     ,12057
2020,5.5     ,12059
2020,7.4     ,12061
2020,5.4     ,12063
2020,5.6     ,12065
2020,4.2     ,12067
2020,8.9     ,12069
2020,7.3     ,12071
2020,5.8     ,12073
2020,6.0     ,12075
2020,4.8     ,12077
2020,6.0     ,12079
2020,6.8     ,12081
2020,7.0     ,12083
2020,6.1     ,12085
2020,8.0     ,12086
2020,7.9     ,12087
2020,5.7     ,12089
2020,5.5     ,12091
2020,5.4     ,12093
2020,10.6     ,12095
2020,13.5     ,12097
2020,7.6     ,12099
2020,7.2     ,12101
2020,7.0     ,12103
2020,9.0     ,12105
2020,7.9     ,12107
2020,5.3     ,12109
2020,7.8     ,12111
2020,5.2     ,12113
2020,6.8     ,12115
2020,7.2     ,12117
2020,7.9     ,12119
2020,5.6     ,12121
2020,6.2     ,12123
2020,4.7     ,12125
2020,7.6     ,12127
2020,4.5     ,12129
2020,5.9     ,12131
2020,5.8     ,12133
2020,4.7     ,13001
2020,3.9     ,13003
2020,4.9     ,13005
2020,6.0     ,13007
2020,6.9     ,13009
2020,4.3     ,13011
2020,5.1     ,13013
2020,6.2     ,13015
2020,6.9     ,13017
2020,5.8     ,13019
2020,7.5     ,13021
2020,6.5     ,13023
2020,5.4     ,13025
2020,5.2     ,13027
2020,5.3     ,13029
2020,6.5     ,13031
2020,7.2     ,13033
2020,6.2     ,13035
2020,5.1     ,13037
2020,4.7     ,13039
2020,4.4     ,13043
2020,6.4     ,13045
2020,4.3     ,13047
2020,3.8     ,13049
2020,7.6     ,13051
2020,6.2     ,13053
2020,8.4     ,13055
2020,4.9     ,13057
2020,6.4     ,13059
2020,12.4     ,13061
2020,10.3     ,13063
2020,4.0     ,13065
2020,5.9     ,13067
2020,5.8     ,13069
2020,4.5     ,13071
2020,4.2     ,13073
2020,4.7     ,13075
2020,6.2     ,13077
2020,5.0     ,13079
2020,7.9     ,13081
2020,4.1     ,13083
2020,4.7     ,13085
2020,4.8     ,13087
2020,8.0     ,13089
2020,6.0     ,13091
2020,7.7     ,13093
2020,8.6     ,13095
2020,7.4     ,13097
2020,5.8     ,13099
2020,3.9     ,13101
2020,5.0     ,13103
2020,6.9     ,13105
2020,7.1     ,13107
2020,5.1     ,13109
2020,4.7     ,13111
2020,5.4     ,13113
2020,6.3     ,13115
2020,4.6     ,13117
2020,5.9     ,13119
2020,8.0     ,13121
2020,4.7     ,13123
2020,4.1     ,13125
2020,6.8     ,13127
2020,5.5     ,13129
2020,4.4     ,13131
2020,5.9     ,13133
2020,6.3     ,13135
2020,5.4     ,13137
2020,4.7     ,13139
2020,8.8     ,13141
2020,5.9     ,13143
2020,4.6     ,13145
2020,5.4     ,13147
2020,6.5     ,13149
2020,7.4     ,13151
2020,5.2     ,13153
2020,5.5     ,13155
2020,4.4     ,13157
2020,4.9     ,13159
2020,5.1     ,13161
2020,6.7     ,13163
2020,6.3     ,13165
2020,4.9     ,13167
2020,4.6     ,13169
2020,6.3     ,13171
2020,5.2     ,13173
2020,6.7     ,13175
2020,4.6     ,13177
2020,6.2     ,13179
2020,5.4     ,13181
2020,4.4     ,13183
2020,6.0     ,13185
2020,4.8     ,13187
2020,7.8     ,13189
2020,5.7     ,13191
2020,6.7     ,13193
2020,5.2     ,13195
2020,5.1     ,13197
2020,8.6     ,13199
2020,4.0     ,13201
2020,6.5     ,13205
2020,5.1     ,13207
2020,5.4     ,13209
2020,5.4     ,13211
2020,7.6     ,13213
2020,7.8     ,13215
2020,7.1     ,13217
2020,3.8     ,13219
2020,4.8     ,13221
2020,5.4     ,13223
2020,6.2     ,13225
2020,4.8     ,13227
2020,4.5     ,13229
2020,5.0     ,13231
2020,6.0     ,13233
2020,4.5     ,13235
2020,6.6     ,13237
2020,6.5     ,13239
2020,5.3     ,13241
2020,5.9     ,13243
2020,7.6     ,13245
2020,7.6     ,13247
2020,4.3     ,13249
2020,8.2     ,13251
2020,5.0     ,13253
2020,7.6     ,13255
2020,6.4     ,13257
2020,5.7     ,13259
2020,7.4     ,13261
2020,6.9     ,13263
2020,7.2     ,13265
2020,4.3     ,13267
2020,6.7     ,13269
2020,9.9     ,13271
2020,7.5     ,13273
2020,6.2     ,13275
2020,5.1     ,13277
2020,6.6     ,13279
2020,6.7     ,13281
2020,6.0     ,13283
2020,7.3     ,13285
2020,7.2     ,13287
2020,7.4     ,13289
2020,4.4     ,13291
2020,6.6     ,13293
2020,4.9     ,13295
2020,5.4     ,13297
2020,5.6     ,13299
2020,6.8     ,13301
2020,6.4     ,13303
2020,5.6     ,13305
2020,5.7     ,13307
2020,7.2     ,13309
2020,4.4     ,13311
2020,7.3     ,13313
2020,5.7     ,13315
2020,6.7     ,13317
2020,5.4     ,13319
2020,5.4     ,13321
2020,11.4     ,15001
2020,10.2     ,15003
2020,16.2     ,15007
2020,17.8     ,15009
2020,5.4     ,16001
2020,9.3     ,16003
2020,4.9     ,16005
2020,4.2     ,16007
2020,7.5     ,16009
2020,3.9     ,16011
2020,7.8     ,16013
2020,8.0     ,16015
2020,7.5     ,16017
2020,4.0     ,16019
2020,6.2     ,16021
2020,3.6     ,16023
2020,4.8     ,16025
2020,5.9     ,16027
2020,3.6     ,16029
2020,3.7     ,16031
2020,4.0     ,16033
2020,8.2     ,16035
2020,5.0     ,16037
2020,4.8     ,16039
2020,3.6     ,16041
2020,3.6     ,16043
2020,5.9     ,16045
2020,3.8     ,16047
2020,6.7     ,16049
2020,3.4     ,16051
2020,4.0     ,16053
2020,6.9     ,16055
2020,4.7     ,16057
2020,6.7     ,16059
2020,7.7     ,16061
2020,5.8     ,16063
2020,2.7     ,16065
2020,3.8     ,16067
2020,4.9     ,16069
2020,4.2     ,16071
2020,6.0     ,16073
2020,5.3     ,16075
2020,4.1     ,16077
2020,9.1     ,16079
2020,5.7     ,16081
2020,5.3     ,16083
2020,7.9     ,16085
2020,5.4     ,16087
2020,6.3     ,17001
2020,9.8     ,17003
2020,6.8     ,17005
2020,11.2     ,17007
2020,3.8     ,17009
2020,7.6     ,17011
2020,7.6     ,17013
2020,7.2     ,17015
2020,6.7     ,17017
2020,6.4     ,17019
2020,8.1     ,17021
2020,7.9     ,17023
2020,9.4     ,17025
2020,5.8     ,17027
2020,7.4     ,17029
2020,11.1     ,17031
2020,7.0     ,17033
2020,5.7     ,17035
2020,8.2     ,17037
2020,6.5     ,17039
2020,5.6     ,17041
2020,7.9     ,17043
2020,6.6     ,17045
2020,8.2     ,17047
2020,6.6     ,17049
2020,7.5     ,17051
2020,6.4     ,17053
2020,10.5     ,17055
2020,8.6     ,17057
2020,9.2     ,17059
2020,6.5     ,17061
2020,8.8     ,17063
2020,6.7     ,17065
2020,6.9     ,17067
2020,9.2     ,17069
2020,6.9     ,17071
2020,7.8     ,17073
2020,6.2     ,17075
2020,7.7     ,17077
2020,6.0     ,17079
2020,10.1     ,17081
2020,7.4     ,17083
2020,8.3     ,17085
2020,8.9     ,17087
2020,9.1     ,17089
2020,8.8     ,17091
2020,8.4     ,17093
2020,8.6     ,17095
2020,8.1     ,17097
2020,9.4     ,17099
2020,8.7     ,17101
2020,6.8     ,17103
2020,6.7     ,17105
2020,6.7     ,17107
2020,7.1     ,17109
2020,8.3     ,17111
2020,6.8     ,17113
2020,9.9     ,17115
2020,6.9     ,17117
2020,7.7     ,17119
2020,9.3     ,17121
2020,7.4     ,17123
2020,8.0     ,17125
2020,10.0     ,17127
2020,6.4     ,17129
2020,8.0     ,17131
2020,5.6     ,17133
2020,8.7     ,17135
2020,6.9     ,17137
2020,5.0     ,17139
2020,8.1     ,17141
2020,10.4     ,17143
2020,9.4     ,17145
2020,5.4     ,17147
2020,6.0     ,17149
2020,7.9     ,17151
2020,11.7     ,17153
2020,8.3     ,17155
2020,7.1     ,17157
2020,6.8     ,17159
2020,9.4     ,17161
2020,9.0     ,17163
2020,9.7     ,17165
2020,8.2     ,17167
2020,6.2     ,17169
2020,6.6     ,17171
2020,6.4     ,17173
2020,7.3     ,17175
2020,7.3     ,17177
2020,8.1     ,17179
2020,8.1     ,17181
2020,8.8     ,17183
2020,8.3     ,17185
2020,6.2     ,17187
2020,5.3     ,17189
2020,8.3     ,17191
2020,7.6     ,17193
2020,8.0     ,17195
2020,9.5     ,17197
2020,8.7     ,17199
2020,11.4     ,17201
2020,6.1     ,17203
2020,5.6     ,18001
2020,7.7     ,18003
2020,6.5     ,18005
2020,5.2     ,18007
2020,8.0     ,18009
2020,4.3     ,18011
2020,6.7     ,18013
2020,6.0     ,18015
2020,6.8     ,18017
2020,7.2     ,18019
2020,6.6     ,18021
2020,5.6     ,18023
2020,7.1     ,18025
2020,3.8     ,18027
2020,6.9     ,18029
2020,7.5     ,18031
2020,6.9     ,18033
2020,7.3     ,18035
2020,4.5     ,18037
2020,7.5     ,18039
2020,9.9     ,18041
2020,6.5     ,18043
2020,6.5     ,18045
2020,5.9     ,18047
2020,6.6     ,18049
2020,6.2     ,18051
2020,6.3     ,18053
2020,6.2     ,18055
2020,4.7     ,18057
2020,5.6     ,18059
2020,6.3     ,18061
2020,5.0     ,18063
2020,6.6     ,18065
2020,10.9     ,18067
2020,6.6     ,18069
2020,7.2     ,18071
2020,7.0     ,18073
2020,6.6     ,18075
2020,7.4     ,18077
2020,7.6     ,18079
2020,5.6     ,18081
2020,5.9     ,18083
2020,6.1     ,18085
2020,6.4     ,18087
2020,10.3     ,18089
2020,9.5     ,18091
2020,6.9     ,18093
2020,7.9     ,18095
2020,7.9     ,18097
2020,6.4     ,18099
2020,4.2     ,18101
2020,8.2     ,18103
2020,5.5     ,18105
2020,5.2     ,18107
2020,5.4     ,18109
2020,6.9     ,18111
2020,8.4     ,18113
2020,7.4     ,18115
2020,11.1     ,18117
2020,6.3     ,18119
2020,5.5     ,18121
2020,6.5     ,18123
2020,5.9     ,18125
2020,8.1     ,18127
2020,4.9     ,18129
2020,6.1     ,18131
2020,6.2     ,18133
2020,6.6     ,18135
2020,6.4     ,18137
2020,6.3     ,18139
2020,8.4     ,18141
2020,8.4     ,18143
2020,7.1     ,18145
2020,5.6     ,18147
2020,8.0     ,18149
2020,6.2     ,18151
2020,7.0     ,18153
2020,8.1     ,18155
2020,6.3     ,18157
2020,6.1     ,18159
2020,5.5     ,18161
2020,7.2     ,18163
2020,7.5     ,18165
2020,7.9     ,18167
2020,6.1     ,18169
2020,5.4     ,18171
2020,5.4     ,18173
2020,6.9     ,18175
2020,6.8     ,18177
2020,5.7     ,18179
2020,5.0     ,18181
2020,5.9     ,18183
2020,4.0     ,19001
2020,3.8     ,19003
2020,5.1     ,19005
2020,5.3     ,19007
2020,3.4     ,19009
2020,5.0     ,19011
2020,6.2     ,19013
2020,4.1     ,19015
2020,3.9     ,19017
2020,4.6     ,19019
2020,3.7     ,19021
2020,4.7     ,19023
2020,4.1     ,19025
2020,4.0     ,19027
2020,3.9     ,19029
2020,4.4     ,19031
2020,5.2     ,19033
2020,3.8     ,19035
2020,4.7     ,19037
2020,5.4     ,19039
2020,4.5     ,19041
2020,5.7     ,19043
2020,6.7     ,19045
2020,5.2     ,19047
2020,3.6     ,19049
2020,4.0     ,19051
2020,3.8     ,19053
2020,4.0     ,19055
2020,7.5     ,19057
2020,5.1     ,19059
2020,5.9     ,19061
2020,5.0     ,19063
2020,5.5     ,19065
2020,6.0     ,19067
2020,3.8     ,19069
2020,3.1     ,19071
2020,4.2     ,19073
2020,4.4     ,19075
2020,5.0     ,19077
2020,4.4     ,19079
2020,4.7     ,19081
2020,4.6     ,19083
2020,4.0     ,19085
2020,5.3     ,19087
2020,4.5     ,19089
2020,4.2     ,19091
2020,3.6     ,19093
2020,4.4     ,19095
2020,6.1     ,19097
2020,5.3     ,19099
2020,5.7     ,19101
2020,4.8     ,19103
2020,5.7     ,19105
2020,4.9     ,19107
2020,3.8     ,19109
2020,6.5     ,19111
2020,6.4     ,19113
2020,5.0     ,19115
2020,3.6     ,19117
2020,2.5     ,19119
2020,5.7     ,19121
2020,4.8     ,19123
2020,4.2     ,19125
2020,7.1     ,19127
2020,3.9     ,19129
2020,3.4     ,19131
2020,4.8     ,19133
2020,5.2     ,19135
2020,4.7     ,19137
2020,6.0     ,19139
2020,3.4     ,19141
2020,2.9     ,19143
2020,5.0     ,19145
2020,4.6     ,19147
2020,3.6     ,19149
2020,3.5     ,19151
2020,6.0     ,19153
2020,5.2     ,19155
2020,4.9     ,19157
2020,3.9     ,19159
2020,3.5     ,19161
2020,6.8     ,19163
2020,3.6     ,19165
2020,2.7     ,19167
2020,3.6     ,19169
2020,5.1     ,19171
2020,3.7     ,19173
2020,5.9     ,19175
2020,4.6     ,19177
2020,6.0     ,19179
2020,4.6     ,19181
2020,4.1     ,19183
2020,4.5     ,19185
2020,5.2     ,19187
2020,6.4     ,19189
2020,4.9     ,19191
2020,5.3     ,19193
2020,5.4     ,19195
2020,4.0     ,19197
2020,5.4     ,20001
2020,4.1     ,20003
2020,6.9     ,20005
2020,3.4     ,20007
2020,4.6     ,20009
2020,5.6     ,20011
2020,4.5     ,20013
2020,6.5     ,20015
2020,5.5     ,20017
2020,6.1     ,20019
2020,5.2     ,20021
2020,2.2     ,20023
2020,2.0     ,20025
2020,4.5     ,20027
2020,4.1     ,20029
2020,5.2     ,20031
2020,3.5     ,20033
2020,6.5     ,20035
2020,5.5     ,20037
2020,3.7     ,20039
2020,4.9     ,20041
2020,4.5     ,20043
2020,6.1     ,20045
2020,3.0     ,20047
2020,4.8     ,20049
2020,3.5     ,20051
2020,3.3     ,20053
2020,3.5     ,20055
2020,3.4     ,20057
2020,5.4     ,20059
2020,6.9     ,20061
2020,2.9     ,20063
2020,4.6     ,20065
2020,4.1     ,20067
2020,2.2     ,20069
2020,1.8     ,20071
2020,5.2     ,20073
2020,1.7     ,20075
2020,4.4     ,20077
2020,5.3     ,20079
2020,2.4     ,20081
2020,2.7     ,20083
2020,5.4     ,20085
2020,4.9     ,20087
2020,3.1     ,20089
2020,5.1     ,20091
2020,2.7     ,20093
2020,5.2     ,20095
2020,3.3     ,20097
2020,5.6     ,20099
2020,2.9     ,20101
2020,5.8     ,20103
2020,2.9     ,20105
2020,7.0     ,20107
2020,2.5     ,20109
2020,4.8     ,20111
2020,3.5     ,20113
2020,4.1     ,20115
2020,3.1     ,20117
2020,2.8     ,20119
2020,5.0     ,20121
2020,2.7     ,20123
2020,7.3     ,20125
2020,3.9     ,20127
2020,3.0     ,20129
2020,3.0     ,20131
2020,6.4     ,20133
2020,3.4     ,20135
2020,2.7     ,20137
2020,5.1     ,20139
2020,2.9     ,20141
2020,4.3     ,20143
2020,3.8     ,20145
2020,3.4     ,20147
2020,4.3     ,20149
2020,3.6     ,20151
2020,2.5     ,20153
2020,5.5     ,20155
2020,3.3     ,20157
2020,4.2     ,20159
2020,5.0     ,20161
2020,4.0     ,20163
2020,4.6     ,20165
2020,4.2     ,20167
2020,5.5     ,20169
2020,2.5     ,20171
2020,8.7     ,20173
2020,4.4     ,20175
2020,5.9     ,20177
2020,2.3     ,20179
2020,3.4     ,20181
2020,2.7     ,20183
2020,3.7     ,20185
2020,2.4     ,20187
2020,2.9     ,20189
2020,8.1     ,20191
2020,2.9     ,20193
2020,3.5     ,20195
2020,4.2     ,20197
2020,2.2     ,20199
2020,2.5     ,20201
2020,2.1     ,20203
2020,7.8     ,20205
2020,5.9     ,20207
2020,7.8     ,20209
2020,7.2     ,21001
2020,5.5     ,21003
2020,6.1     ,21005
2020,6.6     ,21007
2020,7.5     ,21009
2020,8.3     ,21011
2020,7.8     ,21013
2020,5.4     ,21015
2020,5.9     ,21017
2020,8.3     ,21019
2020,7.4     ,21021
2020,6.2     ,21023
2020,10.2     ,21025
2020,7.3     ,21027
2020,6.4     ,21029
2020,6.9     ,21031
2020,6.2     ,21033
2020,6.2     ,21035
2020,5.6     ,21037
2020,4.7     ,21039
2020,5.9     ,21041
2020,9.6     ,21043
2020,6.2     ,21045
2020,7.8     ,21047
2020,6.6     ,21049
2020,8.6     ,21051
2020,5.1     ,21053
2020,5.5     ,21055
2020,4.9     ,21057
2020,6.1     ,21059
2020,7.7     ,21061
2020,10.1     ,21063
2020,7.5     ,21065
2020,5.7     ,21067
2020,7.3     ,21069
2020,9.2     ,21071
2020,6.6     ,21073
2020,6.5     ,21075
2020,6.0     ,21077
2020,6.3     ,21079
2020,7.1     ,21081
2020,5.9     ,21083
2020,7.8     ,21085
2020,5.4     ,21087
2020,8.9     ,21089
2020,6.1     ,21091
2020,7.1     ,21093
2020,11.9     ,21095
2020,6.1     ,21097
2020,6.4     ,21099
2020,6.1     ,21101
2020,5.7     ,21103
2020,5.5     ,21105
2020,7.4     ,21107
2020,8.7     ,21109
2020,6.8     ,21111
2020,5.6     ,21113
2020,8.7     ,21115
2020,5.8     ,21117
2020,8.5     ,21119
2020,8.2     ,21121
2020,7.2     ,21123
2020,6.9     ,21125
2020,8.3     ,21127
2020,7.0     ,21129
2020,10.8     ,21131
2020,10.2     ,21133
2020,9.5     ,21135
2020,7.9     ,21137
2020,7.5     ,21139
2020,5.5     ,21141
2020,5.3     ,21143
2020,7.2     ,21145
2020,7.3     ,21147
2020,5.6     ,21149
2020,6.0     ,21151
2020,16.1     ,21153
2020,7.8     ,21155
2020,6.1     ,21157
2020,11.6     ,21159
2020,8.0     ,21161
2020,7.1     ,21163
2020,8.9     ,21165
2020,7.3     ,21167
2020,7.8     ,21169
2020,5.4     ,21171
2020,8.0     ,21173
2020,6.9     ,21175
2020,8.7     ,21177
2020,6.9     ,21179
2020,6.8     ,21181
2020,7.2     ,21183
2020,4.8     ,21185
2020,6.4     ,21187
2020,7.4     ,21189
2020,5.2     ,21191
2020,8.9     ,21193
2020,8.4     ,21195
2020,7.3     ,21197
2020,7.3     ,21199
2020,6.1     ,21201
2020,7.1     ,21203
2020,7.5     ,21205
2020,8.2     ,21207
2020,6.3     ,21209
2020,5.5     ,21211
2020,7.2     ,21213
2020,5.8     ,21215
2020,6.0     ,21217
2020,4.8     ,21219
2020,6.9     ,21221
2020,6.8     ,21223
2020,6.3     ,21225
2020,6.6     ,21227
2020,6.2     ,21229
2020,6.5     ,21231
2020,6.4     ,21233
2020,7.1     ,21235
2020,7.7     ,21237
2020,5.0     ,21239
2020,7.3     ,22001
2020,9.2     ,22003
2020,6.7     ,22005
2020,10.1     ,22007
2020,8.0     ,22009
2020,6.7     ,22011
2020,7.7     ,22013
2020,6.4     ,22015
2020,9.0     ,22017
2020,9.0     ,22019
2020,7.3     ,22021
2020,5.7     ,22023
2020,7.1     ,22025
2020,6.6     ,22027
2020,8.1     ,22029
2020,7.3     ,22031
2020,7.8     ,22033
2020,11.7     ,22035
2020,6.7     ,22037
2020,7.7     ,22039
2020,8.1     ,22041
2020,6.5     ,22043
2020,9.4     ,22045
2020,9.8     ,22047
2020,5.3     ,22049
2020,9.3     ,22051
2020,7.5     ,22053
2020,7.1     ,22055
2020,6.5     ,22057
2020,4.7     ,22059
2020,6.3     ,22061
2020,6.4     ,22063
2020,8.4     ,22065
2020,9.8     ,22067
2020,6.8     ,22069
2020,12.2     ,22071
2020,7.4     ,22073
2020,7.0     ,22075
2020,7.8     ,22077
2020,6.2     ,22079
2020,6.2     ,22081
2020,7.6     ,22083
2020,5.5     ,22085
2020,10.2     ,22087
2020,7.8     ,22089
2020,11.5     ,22091
2020,9.7     ,22093
2020,11.2     ,22095
2020,8.7     ,22097
2020,8.1     ,22099
2020,9.2     ,22101
2020,6.8     ,22103
2020,9.5     ,22105
2020,8.4     ,22107
2020,7.7     ,22109
2020,7.1     ,22111
2020,7.4     ,22113
2020,7.1     ,22115
2020,8.2     ,22117
2020,7.9     ,22119
2020,7.2     ,22121
2020,10.1     ,22123
2020,5.4     ,22125
2020,7.1     ,22127
2020,5.5     ,23001
2020,5.5     ,23003
2020,5.3     ,23005
2020,6.1     ,23007
2020,5.7     ,23009
2020,5.0     ,23011
2020,5.4     ,23013
2020,5.3     ,23015
2020,6.7     ,23017
2020,5.4     ,23019
2020,5.5     ,23021
2020,4.7     ,23023
2020,6.6     ,23025
2020,5.2     ,23027
2020,6.2     ,23029
2020,5.4     ,23031
2020,7.8     ,24001
2020,5.8     ,24003
2020,6.8     ,24005
2020,5.2     ,24009
2020,5.5     ,24011
2020,5.1     ,24013
2020,5.9     ,24015
2020,6.7     ,24017
2020,6.7     ,24019
2020,5.9     ,24021
2020,6.6     ,24023
2020,5.8     ,24025
2020,5.2     ,24027
2020,6.6     ,24029
2020,6.3     ,24031
2020,8.2     ,24033
2020,5.5     ,24035
2020,4.8     ,24037
2020,8.3     ,24039
2020,6.0     ,24041
2020,6.7     ,24043
2020,7.5     ,24045
2020,11.2     ,24047
2020,8.8     ,24510
2020,10.2     ,25001
2020,9.1     ,25003
2020,10.2     ,25005
2020,9.2     ,25007
2020,9.8     ,25009
2020,7.4     ,25011
2020,10.4     ,25013
2020,7.2     ,25015
2020,7.3     ,25017
2020,10.3     ,25019
2020,8.3     ,25021
2020,9.5     ,25023
2020,9.7     ,25025
2020,8.8     ,25027
2020,9.9     ,26001
2020,10.7     ,26003
2020,7.3     ,26005
2020,7.7     ,26007
2020,9.7     ,26009
2020,11.4     ,26011
2020,11.7     ,26013
2020,7.4     ,26015
2020,9.2     ,26017
2020,9.4     ,26019
2020,8.6     ,26021
2020,8.1     ,26023
2020,9.7     ,26025
2020,8.8     ,26027
2020,9.8     ,26029
2020,14.6     ,26031
2020,8.9     ,26033
2020,11.5     ,26035
2020,6.6     ,26037
2020,10.4     ,26039
2020,8.7     ,26041
2020,7.0     ,26043
2020,7.7     ,26045
2020,10.5     ,26047
2020,11.2     ,26049
2020,9.7     ,26051
2020,7.7     ,26053
2020,8.4     ,26055
2020,8.0     ,26057
2020,9.1     ,26059
2020,7.2     ,26061
2020,8.5     ,26063
2020,7.5     ,26065
2020,7.9     ,26067
2020,10.5     ,26069
2020,8.1     ,26071
2020,8.4     ,26073
2020,9.0     ,26075
2020,7.2     ,26077
2020,11.1     ,26079
2020,7.6     ,26081
2020,8.9     ,26083
2020,10.8     ,26085
2020,12.5     ,26087
2020,8.0     ,26089
2020,9.0     ,26091
2020,8.8     ,26093
2020,8.6     ,26095
2020,13.4     ,26097
2020,12.0     ,26099
2020,10.8     ,26101
2020,8.3     ,26103
2020,9.2     ,26105
2020,9.1     ,26107
2020,6.4     ,26109
2020,7.5     ,26111
2020,9.1     ,26113
2020,8.9     ,26115
2020,9.1     ,26117
2020,13.1     ,26119
2020,11.4     ,26121
2020,8.7     ,26123
2020,9.3     ,26125
2020,10.3     ,26127
2020,10.9     ,26129
2020,10.3     ,26131
2020,8.3     ,26133
2020,11.9     ,26135
2020,10.3     ,26137
2020,6.8     ,26139
2020,11.1     ,26141
2020,12.1     ,26143
2020,9.9     ,26145
2020,12.0     ,26147
2020,9.1     ,26149
2020,9.7     ,26151
2020,9.7     ,26153
2020,9.2     ,26155
2020,10.1     ,26157
2020,8.3     ,26159
2020,6.4     ,26161
2020,13.8     ,26163
2020,10.2     ,26165
2020,8.1     ,27001
2020,6.3     ,27003
2020,6.2     ,27005
2020,6.3     ,27007
2020,6.6     ,27009
2020,4.7     ,27011
2020,5.4     ,27013
2020,5.1     ,27015
2020,7.2     ,27017
2020,5.2     ,27019
2020,9.2     ,27021
2020,5.1     ,27023
2020,6.6     ,27025
2020,4.3     ,27027
2020,9.4     ,27029
2020,8.4     ,27031
2020,4.6     ,27033
2020,7.2     ,27035
2020,6.2     ,27037
2020,5.4     ,27039
2020,4.8     ,27041
2020,6.2     ,27043
2020,5.0     ,27045
2020,5.6     ,27047
2020,5.9     ,27049
2020,5.3     ,27051
2020,6.6     ,27053
2020,4.3     ,27055
2020,7.1     ,27057
2020,6.8     ,27059
2020,8.4     ,27061
2020,4.8     ,27063
2020,8.0     ,27065
2020,4.8     ,27067
2020,4.6     ,27069
2020,7.4     ,27071
2020,4.7     ,27073
2020,7.3     ,27075
2020,6.1     ,27077
2020,6.8     ,27079
2020,4.4     ,27081
2020,4.5     ,27083
2020,5.7     ,27085
2020,13.0     ,27087
2020,6.5     ,27089
2020,5.2     ,27091
2020,5.2     ,27093
2020,8.4     ,27095
2020,6.8     ,27097
2020,5.0     ,27099
2020,5.1     ,27101
2020,4.8     ,27103
2020,4.2     ,27105
2020,6.3     ,27107
2020,5.4     ,27109
2020,5.4     ,27111
2020,6.2     ,27113
2020,8.6     ,27115
2020,4.0     ,27117
2020,5.6     ,27119
2020,4.5     ,27121
2020,6.9     ,27123
2020,6.4     ,27125
2020,5.5     ,27127
2020,5.5     ,27129
2020,5.2     ,27131
2020,3.0     ,27133
2020,5.7     ,27135
2020,7.2     ,27137
2020,5.9     ,27139
2020,6.1     ,27141
2020,5.5     ,27143
2020,5.7     ,27145
2020,5.5     ,27147
2020,3.3     ,27149
2020,5.8     ,27151
2020,5.3     ,27153
2020,4.4     ,27155
2020,5.3     ,27157
2020,7.6     ,27159
2020,6.2     ,27161
2020,5.6     ,27163
2020,4.6     ,27165
2020,4.1     ,27167
2020,4.9     ,27169
2020,5.5     ,27171
2020,4.6     ,27173
2020,11.0     ,28001
2020,6.2     ,28003
2020,8.4     ,28005
2020,8.3     ,28007
2020,8.3     ,28009
2020,8.7     ,28011
2020,8.1     ,28013
2020,7.7     ,28015
2020,10.9     ,28017
2020,6.4     ,28019
2020,14.4     ,28021
2020,8.4     ,28023
2020,11.6     ,28025
2020,12.5     ,28027
2020,8.3     ,28029
2020,6.9     ,28031
2020,6.0     ,28033
2020,8.0     ,28035
2020,8.3     ,28037
2020,9.1     ,28039
2020,9.7     ,28041
2020,7.2     ,28043
2020,8.5     ,28045
2020,9.5     ,28047
2020,9.3     ,28049
2020,16.2     ,28051
2020,14.7     ,28053
2020,9.2     ,28055
2020,7.0     ,28057
2020,9.5     ,28059
2020,8.9     ,28061
2020,18.4     ,28063
2020,9.6     ,28065
2020,7.1     ,28067
2020,9.6     ,28069
2020,6.1     ,28071
2020,6.0     ,28073
2020,7.5     ,28075
2020,8.7     ,28077
2020,7.9     ,28079
2020,8.1     ,28081
2020,10.7     ,28083
2020,7.3     ,28085
2020,8.3     ,28087
2020,6.6     ,28089
2020,7.1     ,28091
2020,7.6     ,28093
2020,8.9     ,28095
2020,8.0     ,28097
2020,9.3     ,28099
2020,7.9     ,28101
2020,11.0     ,28103
2020,7.6     ,28105
2020,9.8     ,28107
2020,7.3     ,28109
2020,8.7     ,28111
2020,8.9     ,28113
2020,7.8     ,28115
2020,7.0     ,28117
2020,10.9     ,28119
2020,5.3     ,28121
2020,5.8     ,28123
2020,10.9     ,28125
2020,6.8     ,28127
2020,5.8     ,28129
2020,7.5     ,28131
2020,11.2     ,28133
2020,7.4     ,28135
2020,7.7     ,28137
2020,7.0     ,28139
2020,6.5     ,28141
2020,14.9     ,28143
2020,7.1     ,28145
2020,8.4     ,28147
2020,8.7     ,28149
2020,11.0     ,28151
2020,8.7     ,28153
2020,7.4     ,28155
2020,13.4     ,28157
2020,8.7     ,28159
2020,7.9     ,28161
2020,9.7     ,28163
2020,5.1     ,29001
2020,4.0     ,29003
2020,4.0     ,29005
2020,5.9     ,29007
2020,6.5     ,29009
2020,4.9     ,29011
2020,5.3     ,29013
2020,7.3     ,29015
2020,5.6     ,29017
2020,4.2     ,29019
2020,4.9     ,29021
2020,6.3     ,29023
2020,5.4     ,29025
2020,4.5     ,29027
2020,7.0     ,29029
2020,5.2     ,29031
2020,6.0     ,29033
2020,6.5     ,29035
2020,5.3     ,29037
2020,4.5     ,29039
2020,4.0     ,29041
2020,4.9     ,29043
2020,6.0     ,29045
2020,6.1     ,29047
2020,5.9     ,29049
2020,4.4     ,29051
2020,5.6     ,29053
2020,6.4     ,29055
2020,4.4     ,29057
2020,5.9     ,29059
2020,4.2     ,29061
2020,4.3     ,29063
2020,4.8     ,29065
2020,7.7     ,29067
2020,7.3     ,29069
2020,6.2     ,29071
2020,5.8     ,29073
2020,3.4     ,29075
2020,5.3     ,29077
2020,4.6     ,29079
2020,4.5     ,29081
2020,5.9     ,29083
2020,5.1     ,29085
2020,3.4     ,29087
2020,4.1     ,29089
2020,6.7     ,29091
2020,7.0     ,29093
2020,7.1     ,29095
2020,5.7     ,29097
2020,6.1     ,29099
2020,5.7     ,29101
2020,4.0     ,29103
2020,8.3     ,29105
2020,5.3     ,29107
2020,6.1     ,29109
2020,4.9     ,29111
2020,6.3     ,29113
2020,6.1     ,29115
2020,3.8     ,29117
2020,5.0     ,29119
2020,4.8     ,29121
2020,6.5     ,29123
2020,4.8     ,29125
2020,4.8     ,29127
2020,3.6     ,29129
2020,6.2     ,29131
2020,5.3     ,29133
2020,4.2     ,29135
2020,5.9     ,29137
2020,5.0     ,29139
2020,6.3     ,29141
2020,5.8     ,29143
2020,5.8     ,29145
2020,4.6     ,29147
2020,6.7     ,29149
2020,3.6     ,29151
2020,7.2     ,29153
2020,8.0     ,29155
2020,5.7     ,29157
2020,6.8     ,29159
2020,4.8     ,29161
2020,5.5     ,29163
2020,5.4     ,29165
2020,4.7     ,29167
2020,5.6     ,29169
2020,4.4     ,29171
2020,4.5     ,29173
2020,5.9     ,29175
2020,6.9     ,29177
2020,5.7     ,29179
2020,7.9     ,29181
2020,5.2     ,29183
2020,6.1     ,29185
2020,4.9     ,29186
2020,7.0     ,29187
2020,6.3     ,29189
2020,4.5     ,29195
2020,5.7     ,29197
2020,3.3     ,29199
2020,5.3     ,29201
2020,7.3     ,29203
2020,4.5     ,29205
2020,6.0     ,29207
2020,9.8     ,29209
2020,4.3     ,29211
2020,12.9     ,29213
2020,5.8     ,29215
2020,4.4     ,29217
2020,5.8     ,29219
2020,7.2     ,29221
2020,6.1     ,29223
2020,5.3     ,29225
2020,4.2     ,29227
2020,7.0     ,29229
2020,8.5     ,29510
2020,4.0     ,30001
2020,7.3     ,30003
2020,4.8     ,30005
2020,6.3     ,30007
2020,6.0     ,30009
2020,2.9     ,30011
2020,5.9     ,30013
2020,3.9     ,30015
2020,4.8     ,30017
2020,2.8     ,30019
2020,5.6     ,30021
2020,5.1     ,30023
2020,4.0     ,30025
2020,4.6     ,30027
2020,7.8     ,30029
2020,5.0     ,30031
2020,2.7     ,30033
2020,9.8     ,30035
2020,4.7     ,30037
2020,8.2     ,30039
2020,5.0     ,30041
2020,5.1     ,30043
2020,4.9     ,30045
2020,6.2     ,30047
2020,5.0     ,30049
2020,2.8     ,30051
2020,10.1     ,30053
2020,2.9     ,30055
2020,5.1     ,30057
2020,4.7     ,30059
2020,10.2     ,30061
2020,6.3     ,30063
2020,6.1     ,30065
2020,7.4     ,30067
2020,3.4     ,30069
2020,4.9     ,30071
2020,4.9     ,30073
2020,3.1     ,30075
2020,4.6     ,30077
2020,6.8     ,30079
2020,5.8     ,30081
2020,6.4     ,30083
2020,6.0     ,30085
2020,5.7     ,30087
2020,7.8     ,30089
2020,4.8     ,30091
2020,6.6     ,30093
2020,5.1     ,30095
2020,3.6     ,30097
2020,4.4     ,30099
2020,5.0     ,30101
2020,3.6     ,30103
2020,4.3     ,30105
2020,7.3     ,30107
2020,5.1     ,30109
2020,5.4     ,30111
2020,4.0     ,31001
2020,2.3     ,31003
2020,5.2     ,31005
2020,2.6     ,31007
2020,3.5     ,31009
2020,2.5     ,31011
2020,4.8     ,31013
2020,2.8     ,31015
2020,2.7     ,31017
2020,4.0     ,31019
2020,3.9     ,31021
2020,3.4     ,31023
2020,4.3     ,31025
2020,2.7     ,31027
2020,1.8     ,31029
2020,2.4     ,31031
2020,4.4     ,31033
2020,3.2     ,31035
2020,2.9     ,31037
2020,2.5     ,31039
2020,2.7     ,31041
2020,4.8     ,31043
2020,2.8     ,31045
2020,3.4     ,31047
2020,3.0     ,31049
2020,3.2     ,31051
2020,3.5     ,31053
2020,5.1     ,31055
2020,2.2     ,31057
2020,2.8     ,31059
2020,3.5     ,31061
2020,2.9     ,31063
2020,2.8     ,31065
2020,4.0     ,31067
2020,3.5     ,31069
2020,2.0     ,31071
2020,2.6     ,31073
2020,2.0     ,31075
2020,2.9     ,31077
2020,5.8     ,31079
2020,3.7     ,31081
2020,2.9     ,31083
2020,2.2     ,31085
2020,3.5     ,31087
2020,2.4     ,31089
2020,2.7     ,31091
2020,4.4     ,31093
2020,2.7     ,31095
2020,3.9     ,31097
2020,3.2     ,31099
2020,3.2     ,31101
2020,2.0     ,31103
2020,3.5     ,31105
2020,3.0     ,31107
2020,4.2     ,31109
2020,3.9     ,31111
2020,2.5     ,31113
2020,2.9     ,31115
2020,2.7     ,31117
2020,3.9     ,31119
2020,4.0     ,31121
2020,3.6     ,31123
2020,3.2     ,31125
2020,3.6     ,31127
2020,2.7     ,31129
2020,3.5     ,31131
2020,2.8     ,31133
2020,1.8     ,31135
2020,3.0     ,31137
2020,3.3     ,31139
2020,3.7     ,31141
2020,3.0     ,31143
2020,3.3     ,31145
2020,3.2     ,31147
2020,2.1     ,31149
2020,3.6     ,31151
2020,4.1     ,31153
2020,3.7     ,31155
2020,4.2     ,31157
2020,4.1     ,31159
2020,2.4     ,31161
2020,3.2     ,31163
2020,2.3     ,31165
2020,3.4     ,31167
2020,2.7     ,31169
2020,4.0     ,31171
2020,5.2     ,31173
2020,2.8     ,31175
2020,3.7     ,31177
2020,2.8     ,31179
2020,3.8     ,31181
2020,1.8     ,31183
2020,3.4     ,31185
2020,5.6     ,32001
2020,14.7     ,32003
2020,8.6     ,32005
2020,5.7     ,32007
2020,5.2     ,32009
2020,3.5     ,32011
2020,4.9     ,32013
2020,4.8     ,32015
2020,5.1     ,32017
2020,8.5     ,32019
2020,5.6     ,32021
2020,9.7     ,32023
2020,4.9     ,32027
2020,8.3     ,32029
2020,7.8     ,32031
2020,4.2     ,32033
2020,8.2     ,32510
2020,6.9     ,33001
2020,7.7     ,33003
2020,6.1     ,33005
2020,7.9     ,33007
2020,5.8     ,33009
2020,7.0     ,33011
2020,5.8     ,33013
2020,7.1     ,33015
2020,6.3     ,33017
2020,5.4     ,33019
2020,17.8     ,34001
2020,9.6     ,34003
2020,8.2     ,34005
2020,10.1     ,34007
2020,13.8     ,34009
2020,10.8     ,34011
2020,11.7     ,34013
2020,9.3     ,34015
2020,10.6     ,34017
2020,7.2     ,34019
2020,7.4     ,34021
2020,8.7     ,34023
2020,8.8     ,34025
2020,7.8     ,34027
2020,9.5     ,34029
2020,12.6     ,34031
2020,9.5     ,34033
2020,7.8     ,34035
2020,9.4     ,34037
2020,9.9     ,34039
2020,8.5     ,34041
2020,8.1     ,35001
2020,7.2     ,35003
2020,8.1     ,35005
2020,9.2     ,35006
2020,7.1     ,35007
2020,5.5     ,35009
2020,4.9     ,35011
2020,8.3     ,35013
2020,6.9     ,35015
2020,9.0     ,35017
2020,6.7     ,35019
2020,4.3     ,35021
2020,5.8     ,35023
2020,11.0     ,35025
2020,8.8     ,35027
2020,3.7     ,35028
2020,15.9     ,35029
2020,10.3     ,35031
2020,8.0     ,35033
2020,8.3     ,35035
2020,7.4     ,35037
2020,8.1     ,35039
2020,6.2     ,35041
2020,8.6     ,35043
2020,10.0     ,35045
2020,8.3     ,35047
2020,8.3     ,35049
2020,9.2     ,35051
2020,7.1     ,35053
2020,11.6     ,35055
2020,9.5     ,35057
2020,5.1     ,35059
2020,8.2     ,35061
2020,7.2     ,36001
2020,8.1     ,36003
2020,16.0     ,36005
2020,8.7     ,36007
2020,9.4     ,36009
2020,7.9     ,36011
2020,8.9     ,36013
2020,8.8     ,36015
2020,6.9     ,36017
2020,8.0     ,36019
2020,6.2     ,36021
2020,7.9     ,36023
2020,7.2     ,36025
2020,7.7     ,36027
2020,9.5     ,36029
2020,8.1     ,36031
2020,8.2     ,36033
2020,8.6     ,36035
2020,7.4     ,36037
2020,8.3     ,36039
2020,7.9     ,36041
2020,8.2     ,36043
2020,8.7     ,36045
2020,12.5     ,36047
2020,7.7     ,36049
2020,7.1     ,36051
2020,7.8     ,36053
2020,8.6     ,36055
2020,8.8     ,36057
2020,8.4     ,36059
2020,9.5     ,36061
2020,10.4     ,36063
2020,8.1     ,36065
2020,8.4     ,36067
2020,7.3     ,36069
2020,8.4     ,36071
2020,8.4     ,36073
2020,8.9     ,36075
2020,7.2     ,36077
2020,7.6     ,36079
2020,12.5     ,36081
2020,7.0     ,36083
2020,10.6     ,36085
2020,8.1     ,36087
2020,8.2     ,36089
2020,6.7     ,36091
2020,8.1     ,36093
2020,7.1     ,36095
2020,8.6     ,36097
2020,8.2     ,36099
2020,8.2     ,36101
2020,8.5     ,36103
2020,8.8     ,36105
2020,7.8     ,36107
2020,6.2     ,36109
2020,8.0     ,36111
2020,8.4     ,36113
2020,7.2     ,36115
2020,7.4     ,36117
2020,8.4     ,36119
2020,7.5     ,36121
2020,6.5     ,36123
2020,7.2     ,37001
2020,7.4     ,37003
2020,7.3     ,37005
2020,7.7     ,37007
2020,6.2     ,37009
2020,6.3     ,37011
2020,6.3     ,37013
2020,6.4     ,37015
2020,7.2     ,37017
2020,8.8     ,37019
2020,8.3     ,37021
2020,7.2     ,37023
2020,7.0     ,37025
2020,7.9     ,37027
2020,5.5     ,37029
2020,6.2     ,37031
2020,7.8     ,37033
2020,8.0     ,37035
2020,5.4     ,37037
2020,7.9     ,37039
2020,6.1     ,37041
2020,7.4     ,37043
2020,7.8     ,37045
2020,8.2     ,37047
2020,6.6     ,37049
2020,9.5     ,37051
2020,6.3     ,37053
2020,9.8     ,37055
2020,7.1     ,37057
2020,6.8     ,37059
2020,5.6     ,37061
2020,6.5     ,37063
2020,10.6     ,37065
2020,7.4     ,37067
2020,6.8     ,37069
2020,8.0     ,37071
2020,5.7     ,37073
2020,9.9     ,37075
2020,5.9     ,37077
2020,5.6     ,37079
2020,8.6     ,37081
2020,9.2     ,37083
2020,7.5     ,37085
2020,7.5     ,37087
2020,6.9     ,37089
2020,7.0     ,37091
2020,8.7     ,37093
2020,10.2     ,37095
2020,7.3     ,37097
2020,7.6     ,37099
2020,6.3     ,37101
2020,5.8     ,37103
2020,8.0     ,37105
2020,6.2     ,37107
2020,6.6     ,37109
2020,7.0     ,37111
2020,6.7     ,37113
2020,6.9     ,37115
2020,6.9     ,37117
2020,7.8     ,37119
2020,7.8     ,37121
2020,6.7     ,37123
2020,7.2     ,37125
2020,8.4     ,37127
2020,7.3     ,37129
2020,7.3     ,37131
2020,7.2     ,37133
2020,5.4     ,37135
2020,5.6     ,37137
2020,7.3     ,37139
2020,6.6     ,37141
2020,6.7     ,37143
2020,7.4     ,37145
2020,6.8     ,37147
2020,6.2     ,37149
2020,7.4     ,37151
2020,9.2     ,37153
2020,8.8     ,37155
2020,8.4     ,37157
2020,7.9     ,37159
2020,9.3     ,37161
2020,5.8     ,37163
2020,12.0     ,37165
2020,6.3     ,37167
2020,6.4     ,37169
2020,6.9     ,37171
2020,8.5     ,37173
2020,6.1     ,37175
2020,8.9     ,37177
2020,6.0     ,37179
2020,10.1     ,37181
2020,6.4     ,37183
2020,9.8     ,37185
2020,8.2     ,37187
2020,6.2     ,37189
2020,6.5     ,37191
2020,6.8     ,37193
2020,8.9     ,37195
2020,7.1     ,37197
2020,6.6     ,37199
2020,3.8     ,38001
2020,3.9     ,38003
2020,6.8     ,38005
2020,3.7     ,38007
2020,5.4     ,38009
2020,3.4     ,38011
2020,5.3     ,38013
2020,4.4     ,38015
2020,4.4     ,38017
2020,3.5     ,38019
2020,3.3     ,38021
2020,3.2     ,38023
2020,4.6     ,38025
2020,4.7     ,38027
2020,5.0     ,38029
2020,3.5     ,38031
2020,3.2     ,38033
2020,4.6     ,38035
2020,2.8     ,38037
2020,3.1     ,38039
2020,4.0     ,38041
2020,5.1     ,38043
2020,2.6     ,38045
2020,3.2     ,38047
2020,5.5     ,38049
2020,3.3     ,38051
2020,7.6     ,38053
2020,4.5     ,38055
2020,5.8     ,38057
2020,5.1     ,38059
2020,5.1     ,38061
2020,4.5     ,38063
2020,5.2     ,38065
2020,5.8     ,38067
2020,4.3     ,38069
2020,4.5     ,38071
2020,4.1     ,38073
2020,4.9     ,38075
2020,3.9     ,38077
2020,13.4     ,38079
2020,4.4     ,38081
2020,6.0     ,38083
2020,3.9     ,38085
2020,3.1     ,38087
2020,7.1     ,38089
2020,3.0     ,38091
2020,3.5     ,38093
2020,2.8     ,38095
2020,3.6     ,38097
2020,4.5     ,38099
2020,6.0     ,38101
2020,4.4     ,38103
2020,9.6     ,38105
2020,9.2     ,39001
2020,8.5     ,39003
2020,6.5     ,39005
2020,8.3     ,39007
2020,7.3     ,39009
2020,6.9     ,39011
2020,10.1     ,39013
2020,8.2     ,39015
2020,7.2     ,39017
2020,8.8     ,39019
2020,7.1     ,39021
2020,8.1     ,39023
2020,6.9     ,39025
2020,8.3     ,39027
2020,9.4     ,39029
2020,8.9     ,39031
2020,9.4     ,39033
2020,10.4     ,39035
2020,6.7     ,39037
2020,8.2     ,39039
2020,5.3     ,39041
2020,10.5     ,39043
2020,6.6     ,39045
2020,7.4     ,39047
2020,7.4     ,39049
2020,7.9     ,39051
2020,8.0     ,39053
2020,6.7     ,39055
2020,6.4     ,39057
2020,8.7     ,39059
2020,7.8     ,39061
2020,6.8     ,39063
2020,8.1     ,39065
2020,9.2     ,39067
2020,8.1     ,39069
2020,8.7     ,39071
2020,7.4     ,39073
2020,3.9     ,39075
2020,9.5     ,39077
2020,8.7     ,39079
2020,10.1     ,39081
2020,6.2     ,39083
2020,8.4     ,39085
2020,8.5     ,39087
2020,6.5     ,39089
2020,8.3     ,39091
2020,9.9     ,39093
2020,10.4     ,39095
2020,5.9     ,39097
2020,10.2     ,39099
2020,7.6     ,39101
2020,7.6     ,39103
2020,9.6     ,39105
2020,5.4     ,39107
2020,7.0     ,39109
2020,10.6     ,39111
2020,8.6     ,39113
2020,9.3     ,39115
2020,7.1     ,39117
2020,7.8     ,39119
2020,9.6     ,39121
2020,9.1     ,39123
2020,7.5     ,39125
2020,8.4     ,39127
2020,6.8     ,39129
2020,9.4     ,39131
2020,7.3     ,39133
2020,6.7     ,39135
2020,5.6     ,39137
2020,9.0     ,39139
2020,8.0     ,39141
2020,8.1     ,39143
2020,8.7     ,39145
2020,8.1     ,39147
2020,7.7     ,39149
2020,8.1     ,39151
2020,8.2     ,39153
2020,10.4     ,39155
2020,7.6     ,39157
2020,5.8     ,39159
2020,7.0     ,39161
2020,9.1     ,39163
2020,6.4     ,39165
2020,8.6     ,39167
2020,5.9     ,39169
2020,7.8     ,39171
2020,7.1     ,39173
2020,7.0     ,39175
2020,5.8     ,40001
2020,3.6     ,40003
2020,7.0     ,40005
2020,2.7     ,40007
2020,7.5     ,40009
2020,5.9     ,40011
2020,5.1     ,40013
2020,5.9     ,40015
2020,6.0     ,40017
2020,7.0     ,40019
2020,5.4     ,40021
2020,7.6     ,40023
2020,2.0     ,40025
2020,5.6     ,40027
2020,6.6     ,40029
2020,6.7     ,40031
2020,7.0     ,40033
2020,5.4     ,40035
2020,6.5     ,40037
2020,5.4     ,40039
2020,5.3     ,40041
2020,4.8     ,40043
2020,4.5     ,40045
2020,5.5     ,40047
2020,6.2     ,40049
2020,6.1     ,40051
2020,3.3     ,40053
2020,7.4     ,40055
2020,3.5     ,40057
2020,3.3     ,40059
2020,7.8     ,40061
2020,7.5     ,40063
2020,4.1     ,40065
2020,6.7     ,40067
2020,7.7     ,40069
2020,6.7     ,40071
2020,4.3     ,40073
2020,5.0     ,40075
2020,10.0     ,40077
2020,7.0     ,40079
2020,5.6     ,40081
2020,5.1     ,40083
2020,4.2     ,40085
2020,5.5     ,40087
2020,6.6     ,40089
2020,8.4     ,40091
2020,4.7     ,40093
2020,6.4     ,40095
2020,5.0     ,40097
2020,6.2     ,40099
2020,6.0     ,40101
2020,4.1     ,40103
2020,5.2     ,40105
2020,6.6     ,40107
2020,6.4     ,40109
2020,7.2     ,40111
2020,6.4     ,40113
2020,5.7     ,40115
2020,6.5     ,40117
2020,5.3     ,40119
2020,7.6     ,40121
2020,5.2     ,40123
2020,6.1     ,40125
2020,6.7     ,40127
2020,4.8     ,40129
2020,5.8     ,40131
2020,7.4     ,40133
2020,6.8     ,40135
2020,7.7     ,40137
2020,2.3     ,40139
2020,6.3     ,40141
2020,6.6     ,40143
2020,5.8     ,40145
2020,5.9     ,40147
2020,6.7     ,40149
2020,3.4     ,40151
2020,6.7     ,40153
2020,7.2     ,41001
2020,5.6     ,41003
2020,7.2     ,41005
2020,9.6     ,41007
2020,7.9     ,41009
2020,8.6     ,41011
2020,8.8     ,41013
2020,8.7     ,41015
2020,7.9     ,41017
2020,7.7     ,41019
2020,6.1     ,41021
2020,8.3     ,41023
2020,5.9     ,41025
2020,6.3     ,41027
2020,7.8     ,41029
2020,8.2     ,41031
2020,7.9     ,41033
2020,8.7     ,41035
2020,5.6     ,41037
2020,7.9     ,41039
2020,10.9     ,41041
2020,7.8     ,41043
2020,5.2     ,41045
2020,6.9     ,41047
2020,5.2     ,41049
2020,8.6     ,41051
2020,6.6     ,41053
2020,6.1     ,41055
2020,8.1     ,41057
2020,6.8     ,41059
2020,7.8     ,41061
2020,7.1     ,41063
2020,7.1     ,41065
2020,6.5     ,41067
2020,4.3     ,41069
2020,6.8     ,41071
2020,6.9     ,42001
2020,9.0     ,42003
2020,9.8     ,42005
2020,10.3     ,42007
2020,9.1     ,42009
2020,9.5     ,42011
2020,8.7     ,42013
2020,7.5     ,42015
2020,8.3     ,42017
2020,7.9     ,42019
2020,9.5     ,42021
2020,12.6     ,42023
2020,9.8     ,42025
2020,5.8     ,42027
2020,6.4     ,42029
2020,8.2     ,42031
2020,9.2     ,42033
2020,8.7     ,42035
2020,8.1     ,42037
2020,8.9     ,42039
2020,6.7     ,42041
2020,8.8     ,42043
2020,9.1     ,42045
2020,12.3     ,42047
2020,9.8     ,42049
2020,11.7     ,42051
2020,10.6     ,42053
2020,7.6     ,42055
2020,11.5     ,42057
2020,9.7     ,42059
2020,10.4     ,42061
2020,9.1     ,42063
2020,8.8     ,42065
2020,7.2     ,42067
2020,9.6     ,42069
2020,7.5     ,42071
2020,10.3     ,42073
2020,7.9     ,42075
2020,9.6     ,42077
2020,10.9     ,42079
2020,8.8     ,42081
2020,9.9     ,42083
2020,9.7     ,42085
2020,8.4     ,42087
2020,11.5     ,42089
2020,7.6     ,42091
2020,6.1     ,42093
2020,9.0     ,42095
2020,9.4     ,42097
2020,6.8     ,42099
2020,12.4     ,42101
2020,10.6     ,42103
2020,9.3     ,42105
2020,9.2     ,42107
2020,7.6     ,42109
2020,9.5     ,42111
2020,8.5     ,42113
2020,7.3     ,42115
2020,9.0     ,42117
2020,6.8     ,42119
2020,8.9     ,42121
2020,8.1     ,42123
2020,9.4     ,42125
2020,9.2     ,42127
2020,9.1     ,42129
2020,8.4     ,42131
2020,8.0     ,42133
2020,7.6     ,44001
2020,8.7     ,44003
2020,8.2     ,44005
2020,10.2     ,44007
2020,7.8     ,44009
2020,6.6     ,45001
2020,5.0     ,45003
2020,9.4     ,45005
2020,5.9     ,45007
2020,9.0     ,45009
2020,7.4     ,45011
2020,5.4     ,45013
2020,5.6     ,45015
2020,6.1     ,45017
2020,6.3     ,45019
2020,8.1     ,45021
2020,8.9     ,45023
2020,6.1     ,45025
2020,6.8     ,45027
2020,6.1     ,45029
2020,6.5     ,45031
2020,6.1     ,45033
2020,5.8     ,45035
2020,5.1     ,45037
2020,7.9     ,45039
2020,5.6     ,45041
2020,7.5     ,45043
2020,5.7     ,45045
2020,6.4     ,45047
2020,5.0     ,45049
2020,8.6     ,45051
2020,5.1     ,45053
2020,5.3     ,45055
2020,6.9     ,45057
2020,6.9     ,45059
2020,7.6     ,45061
2020,4.4     ,45063
2020,6.7     ,45065
2020,7.8     ,45067
2020,9.8     ,45069
2020,4.8     ,45071
2020,5.4     ,45073
2020,9.0     ,45075
2020,5.3     ,45077
2020,5.8     ,45079
2020,4.3     ,45081
2020,6.6     ,45083
2020,6.8     ,45085
2020,9.0     ,45087
2020,8.1     ,45089
2020,6.1     ,45091
2020,3.2     ,46003
2020,3.9     ,46005
2020,5.0     ,46007
2020,4.1     ,46009
2020,4.4     ,46011
2020,4.4     ,46013
2020,4.4     ,46015
2020,8.0     ,46017
2020,5.4     ,46019
2020,3.7     ,46021
2020,6.3     ,46023
2020,3.9     ,46025
2020,4.5     ,46027
2020,4.9     ,46029
2020,5.0     ,46031
2020,6.0     ,46033
2020,4.2     ,46035
2020,5.7     ,46037
2020,5.4     ,46039
2020,7.7     ,46041
2020,3.0     ,46043
2020,2.9     ,46045
2020,6.0     ,46047
2020,3.5     ,46049
2020,4.0     ,46051
2020,3.8     ,46053
2020,2.5     ,46055
2020,3.5     ,46057
2020,2.7     ,46059
2020,5.2     ,46061
2020,3.6     ,46063
2020,3.4     ,46065
2020,3.8     ,46067
2020,3.1     ,46069
2020,4.3     ,46071
2020,2.5     ,46073
2020,3.7     ,46075
2020,3.7     ,46077
2020,3.8     ,46079
2020,6.2     ,46081
2020,3.6     ,46083
2020,5.7     ,46085
2020,3.7     ,46087
2020,5.1     ,46089
2020,4.8     ,46091
2020,4.9     ,46093
2020,6.2     ,46095
2020,4.8     ,46097
2020,4.5     ,46099
2020,5.3     ,46101
2020,10.1     ,46102
2020,5.3     ,46103
2020,3.8     ,46105
2020,3.2     ,46107
2020,6.4     ,46109
2020,4.1     ,46111
2020,4.1     ,46115
2020,3.9     ,46117
2020,2.8     ,46119
2020,6.4     ,46121
2020,3.1     ,46123
2020,3.9     ,46125
2020,5.1     ,46127
2020,6.1     ,46129
2020,4.6     ,46135
2020,4.8     ,46137
2020,6.7     ,47001
2020,7.9     ,47003
2020,8.2     ,47005
2020,8.6     ,47007
2020,6.4     ,47009
2020,6.6     ,47011
2020,7.6     ,47013
2020,6.5     ,47015
2020,7.4     ,47017
2020,7.0     ,47019
2020,5.6     ,47021
2020,5.7     ,47023
2020,7.0     ,47025
2020,8.1     ,47027
2020,10.2     ,47029
2020,7.8     ,47031
2020,5.9     ,47033
2020,7.7     ,47035
2020,8.0     ,47037
2020,8.6     ,47039
2020,9.1     ,47041
2020,5.9     ,47043
2020,8.0     ,47045
2020,6.4     ,47047
2020,6.5     ,47049
2020,7.9     ,47051
2020,7.0     ,47053
2020,8.4     ,47055
2020,7.2     ,47057
2020,8.3     ,47059
2020,9.8     ,47061
2020,7.1     ,47063
2020,7.1     ,47065
2020,8.4     ,47067
2020,8.2     ,47069
2020,7.1     ,47071
2020,7.7     ,47073
2020,8.9     ,47075
2020,8.0     ,47077
2020,7.5     ,47079
2020,5.8     ,47081
2020,8.2     ,47083
2020,6.4     ,47085
2020,8.0     ,47087
2020,7.5     ,47089
2020,6.5     ,47091
2020,5.9     ,47093
2020,8.8     ,47095
2020,9.2     ,47097
2020,7.8     ,47099
2020,7.5     ,47101
2020,8.6     ,47103
2020,6.4     ,47105
2020,7.8     ,47107
2020,8.7     ,47109
2020,6.5     ,47111
2020,7.5     ,47113
2020,7.6     ,47115
2020,9.1     ,47117
2020,8.1     ,47119
2020,8.6     ,47121
2020,8.0     ,47123
2020,7.6     ,47125
2020,5.4     ,47127
2020,6.5     ,47129
2020,7.0     ,47131
2020,6.3     ,47133
2020,9.5     ,47135
2020,6.1     ,47137
2020,6.9     ,47139
2020,6.6     ,47141
2020,9.8     ,47143
2020,6.6     ,47145
2020,6.1     ,47147
2020,6.9     ,47149
2020,8.6     ,47151
2020,7.8     ,47153
2020,9.6     ,47155
2020,9.7     ,47157
2020,6.0     ,47159
2020,6.6     ,47161
2020,7.2     ,47163
2020,6.5     ,47165
2020,6.9     ,47167
2020,6.1     ,47169
2020,8.3     ,47171
2020,6.9     ,47173
2020,8.7     ,47175
2020,8.9     ,47177
2020,6.4     ,47179
2020,7.1     ,47181
2020,5.8     ,47183
2020,7.1     ,47185
2020,4.8     ,47187
2020,6.3     ,47189
2020,5.6     ,48001
2020,8.2     ,48003
2020,7.6     ,48005
2020,8.5     ,48007
2020,5.3     ,48009
2020,4.3     ,48011
2020,8.4     ,48013
2020,6.6     ,48015
2020,4.8     ,48017
2020,5.8     ,48019
2020,6.0     ,48021
2020,3.5     ,48023
2020,9.8     ,48025
2020,7.0     ,48027
2020,7.5     ,48029
2020,3.8     ,48031
2020,3.3     ,48033
2020,5.5     ,48035
2020,7.4     ,48037
2020,8.6     ,48039
2020,5.3     ,48041
2020,6.7     ,48043
2020,4.8     ,48045
2020,10.7     ,48047
2020,6.5     ,48049
2020,6.3     ,48051
2020,4.7     ,48053
2020,6.3     ,48055
2020,5.8     ,48057
2020,5.4     ,48059
2020,10.2     ,48061
2020,7.4     ,48063
2020,4.2     ,48065
2020,7.9     ,48067
2020,3.6     ,48069
2020,9.5     ,48071
2020,7.9     ,48073
2020,3.7     ,48075
2020,5.5     ,48077
2020,7.1     ,48079
2020,5.5     ,48081
2020,7.4     ,48083
2020,6.3     ,48085
2020,4.3     ,48087
2020,5.6     ,48089
2020,6.2     ,48091
2020,5.5     ,48093
2020,4.5     ,48095
2020,7.1     ,48097
2020,6.6     ,48099
2020,4.9     ,48101
2020,13.6     ,48103
2020,8.9     ,48105
2020,5.2     ,48107
2020,6.5     ,48109
2020,2.8     ,48111
2020,7.7     ,48113
2020,8.7     ,48115
2020,3.6     ,48117
2020,5.5     ,48119
2020,6.5     ,48121
2020,6.0     ,48123
2020,6.3     ,48125
2020,6.4     ,48127
2020,4.4     ,48129
2020,12.1     ,48131
2020,6.7     ,48133
2020,11.0     ,48135
2020,3.5     ,48137
2020,6.0     ,48139
2020,8.3     ,48141
2020,5.7     ,48143
2020,6.0     ,48145
2020,4.7     ,48147
2020,4.7     ,48149
2020,4.5     ,48151
2020,6.2     ,48153
2020,4.2     ,48155
2020,7.7     ,48157
2020,5.3     ,48159
2020,8.3     ,48161
2020,5.7     ,48163
2020,5.6     ,48165
2020,8.7     ,48167
2020,6.8     ,48169
2020,4.8     ,48171
2020,3.6     ,48173
2020,7.7     ,48175
2020,5.4     ,48177
2020,8.1     ,48179
2020,5.9     ,48181
2020,8.3     ,48183
2020,8.0     ,48185
2020,6.1     ,48187
2020,6.8     ,48189
2020,5.8     ,48191
2020,4.5     ,48193
2020,3.5     ,48195
2020,4.4     ,48197
2020,9.0     ,48199
2020,8.9     ,48201
2020,7.9     ,48203
2020,2.1     ,48205
2020,4.3     ,48207
2020,6.3     ,48209
2020,4.4     ,48211
2020,6.4     ,48213
2020,11.6     ,48215
2020,6.3     ,48217
2020,7.9     ,48219
2020,6.6     ,48221
2020,5.1     ,48223
2020,5.3     ,48225
2020,8.1     ,48227
2020,8.0     ,48229
2020,6.5     ,48231
2020,7.2     ,48233
2020,6.0     ,48235
2020,7.0     ,48237
2020,5.8     ,48239
2020,11.2     ,48241
2020,5.1     ,48243
2020,11.9     ,48245
2020,9.5     ,48247
2020,13.0     ,48249
2020,6.5     ,48251
2020,7.0     ,48253
2020,6.3     ,48255
2020,6.5     ,48257
2020,5.0     ,48259
2020,5.4     ,48261
2020,3.9     ,48263
2020,5.9     ,48265
2020,5.1     ,48267
2020,1.7     ,48269
2020,6.0     ,48271
2020,8.4     ,48273
2020,5.6     ,48275
2020,6.5     ,48277
2020,5.2     ,48279
2020,5.4     ,48281
2020,6.8     ,48283
2020,5.2     ,48285
2020,4.9     ,48287
2020,7.8     ,48289
2020,10.6     ,48291
2020,7.1     ,48293
2020,4.2     ,48295
2020,7.5     ,48297
2020,5.7     ,48299
2020,1.7     ,48301
2020,5.7     ,48303
2020,5.4     ,48305
2020,7.5     ,48307
2020,6.2     ,48309
2020,2.8     ,48311
2020,7.2     ,48313
2020,8.2     ,48315
2020,6.1     ,48317
2020,5.6     ,48319
2020,10.5     ,48321
2020,15.0     ,48323
2020,6.3     ,48325
2020,5.2     ,48327
2020,8.1     ,48329
2020,7.1     ,48331
2020,4.1     ,48333
2020,7.9     ,48335
2020,6.6     ,48337
2020,7.5     ,48339
2020,3.8     ,48341
2020,11.4     ,48343
2020,4.6     ,48345
2020,6.6     ,48347
2020,6.2     ,48349
2020,11.0     ,48351
2020,5.3     ,48353
2020,9.0     ,48355
2020,5.8     ,48357
2020,3.9     ,48359
2020,10.5     ,48361
2020,7.0     ,48363
2020,8.4     ,48365
2020,5.9     ,48367
2020,2.6     ,48369
2020,8.1     ,48371
2020,8.7     ,48373
2020,5.5     ,48375
2020,14.7     ,48377
2020,4.7     ,48379
2020,4.5     ,48381
2020,9.7     ,48383
2020,6.7     ,48385
2020,6.4     ,48387
2020,7.1     ,48389
2020,8.2     ,48391
2020,4.6     ,48393
2020,6.4     ,48395
2020,6.0     ,48397
2020,4.9     ,48399
2020,7.3     ,48401
2020,10.8     ,48403
2020,9.6     ,48405
2020,8.1     ,48407
2020,10.3     ,48409
2020,5.2     ,48411
2020,6.9     ,48413
2020,8.2     ,48415
2020,5.3     ,48417
2020,6.8     ,48419
2020,3.1     ,48421
2020,6.8     ,48423
2020,6.5     ,48425
2020,17.3     ,48427
2020,6.1     ,48429
2020,6.4     ,48431
2020,5.0     ,48433
2020,9.8     ,48435
2020,5.2     ,48437
2020,7.3     ,48439
2020,5.5     ,48441
2020,4.6     ,48443
2020,7.3     ,48445
2020,4.9     ,48447
2020,6.7     ,48449
2020,6.3     ,48451
2020,6.3     ,48453
2020,8.1     ,48455
2020,9.9     ,48457
2020,7.7     ,48459
2020,5.6     ,48461
2020,6.4     ,48463
2020,7.9     ,48465
2020,6.1     ,48467
2020,8.3     ,48469
2020,7.2     ,48471
2020,7.8     ,48473
2020,9.4     ,48475
2020,5.6     ,48477
2020,8.5     ,48479
2020,6.8     ,48481
2020,6.0     ,48483
2020,6.7     ,48485
2020,5.9     ,48487
2020,12.0     ,48489
2020,5.9     ,48491
2020,5.7     ,48493
2020,9.3     ,48495
2020,6.5     ,48497
2020,6.6     ,48499
2020,11.9     ,48501
2020,5.3     ,48503
2020,12.4     ,48505
2020,14.1     ,48507
2020,4.0     ,49001
2020,4.4     ,49003
2020,2.9     ,49005
2020,5.2     ,49007
2020,4.5     ,49009
2020,4.1     ,49011
2020,7.7     ,49013
2020,4.7     ,49015
2020,10.2     ,49017
2020,9.5     ,49019
2020,4.5     ,49021
2020,2.9     ,49023
2020,5.4     ,49025
2020,3.2     ,49027
2020,3.3     ,49029
2020,6.3     ,49031
2020,3.4     ,49033
2020,5.1     ,49035
2020,10.2     ,49037
2020,3.7     ,49039
2020,4.2     ,49041
2020,7.2     ,49043
2020,4.8     ,49045
2020,9.2     ,49047
2020,3.7     ,49049
2020,6.4     ,49051
2020,5.3     ,49053
2020,7.6     ,49055
2020,4.8     ,49057
2020,5.0     ,50001
2020,6.6     ,50003
2020,5.8     ,50005
2020,4.8     ,50007
2020,6.5     ,50009
2020,5.3     ,50011
2020,5.9     ,50013
2020,7.8     ,50015
2020,4.8     ,50017
2020,7.9     ,50019
2020,6.9     ,50021
2020,4.8     ,50023
2020,6.3     ,50025
2020,5.3     ,50027
2020,6.5     ,51001
2020,5.4     ,51003
2020,6.5     ,51005
2020,5.8     ,51007
2020,5.6     ,51009
2020,5.8     ,51011
2020,4.5     ,51013
2020,4.6     ,51015
2020,9.9     ,51017
2020,5.1     ,51019
2020,5.6     ,51021
2020,4.5     ,51023
2020,8.0     ,51025
2020,9.5     ,51027
2020,7.4     ,51029
2020,5.9     ,51031
2020,6.7     ,51033
2020,8.2     ,51035
2020,6.5     ,51036
2020,5.6     ,51037
2020,5.9     ,51041
2020,4.5     ,51043
2020,5.1     ,51045
2020,5.0     ,51047
2020,6.1     ,51049
2020,8.0     ,51051
2020,6.4     ,51053
2020,7.0     ,51057
2020,5.8     ,51059
2020,4.7     ,51061
2020,5.1     ,51063
2020,5.3     ,51065
2020,5.5     ,51067
2020,4.6     ,51069
2020,6.3     ,51071
2020,5.4     ,51073
2020,4.9     ,51075
2020,5.7     ,51077
2020,5.2     ,51079
2020,6.8     ,51081
2020,7.0     ,51083
2020,4.8     ,51085
2020,6.5     ,51087
2020,7.6     ,51089
2020,3.7     ,51091
2020,5.1     ,51093
2020,6.9     ,51095
2020,5.1     ,51097
2020,4.5     ,51099
2020,5.4     ,51101
2020,7.2     ,51103
2020,6.4     ,51105
2020,5.3     ,51107
2020,5.2     ,51109
2020,5.3     ,51111
2020,3.8     ,51113
2020,4.9     ,51115
2020,6.8     ,51117
2020,5.1     ,51119
2020,4.8     ,51121
2020,5.6     ,51125
2020,4.6     ,51127
2020,7.8     ,51131
2020,6.3     ,51133
2020,5.1     ,51135
2020,5.6     ,51137
2020,7.3     ,51139
2020,6.9     ,51141
2020,6.5     ,51143
2020,4.8     ,51145
2020,6.5     ,51147
2020,6.5     ,51149
2020,6.5     ,51153
2020,7.9     ,51155
2020,4.5     ,51157
2020,4.9     ,51159
2020,5.1     ,51161
2020,5.5     ,51163
2020,4.7     ,51165
2020,6.6     ,51167
2020,5.3     ,51169
2020,5.3     ,51171
2020,6.4     ,51173
2020,5.0     ,51175
2020,6.0     ,51177
2020,5.7     ,51179
2020,5.7     ,51181
2020,8.5     ,51183
2020,7.6     ,51185
2020,5.8     ,51187
2020,5.8     ,51191
2020,5.9     ,51193
2020,7.6     ,51195
2020,7.7     ,51197
2020,5.6     ,51199
2020,6.0     ,51510
2020,7.7     ,51520
2020,5.7     ,51530
2020,6.4     ,51540
2020,6.1     ,51550
2020,7.1     ,51570
2020,9.6     ,51580
2020,9.7     ,51590
2020,11.1     ,51595
2020,5.6     ,51600
2020,3.8     ,51610
2020,8.5     ,51620
2020,7.2     ,51630
2020,7.7     ,51640
2020,8.5     ,51650
2020,6.4     ,51660
2020,10.7     ,51670
2020,7.0     ,51678
2020,7.2     ,51680
2020,6.5     ,51683
2020,6.8     ,51685
2020,10.9     ,51690
2020,8.7     ,51700
2020,8.7     ,51710
2020,7.5     ,51720
2020,13.9     ,51730
2020,4.2     ,51735
2020,9.6     ,51740
2020,6.3     ,51750
2020,8.8     ,51760
2020,7.7     ,51770
2020,5.8     ,51775
2020,6.3     ,51790
2020,6.5     ,51800
2020,6.2     ,51810
2020,6.5     ,51820
2020,8.2     ,51830
2020,5.8     ,51840
2020,7.3     ,53001
2020,5.2     ,53003
2020,8.2     ,53005
2020,8.4     ,53007
2020,10.2     ,53009
2020,8.5     ,53011
2020,7.3     ,53013
2020,9.3     ,53015
2020,8.5     ,53017
2020,11.5     ,53019
2020,9.0     ,53021
2020,8.4     ,53023
2020,8.8     ,53025
2020,11.7     ,53027
2020,8.3     ,53029
2020,9.4     ,53031
2020,7.5     ,53033
2020,7.7     ,53035
2020,9.0     ,53037
2020,8.2     ,53039
2020,9.4     ,53041
2020,6.8     ,53043
2020,9.8     ,53045
2020,9.0     ,53047
2020,10.7     ,53049
2020,10.7     ,53051
2020,9.6     ,53053
2020,7.9     ,53055
2020,9.8     ,53057
2020,9.2     ,53059
2020,8.5     ,53061
2020,8.8     ,53063
2020,9.4     ,53065
2020,8.3     ,53067
2020,8.8     ,53069
2020,6.9     ,53071
2020,9.3     ,53073
2020,5.9     ,53075
2020,9.7     ,53077
2020,8.3     ,54001
2020,6.2     ,54003
2020,10.5     ,54005
2020,10.4     ,54007
2020,9.0     ,54009
2020,8.0     ,54011
2020,16.1     ,54013
2020,12.5     ,54015
2020,6.3     ,54017
2020,10.0     ,54019
2020,10.1     ,54021
2020,6.5     ,54023
2020,8.1     ,54025
2020,5.5     ,54027
2020,10.0     ,54029
2020,7.2     ,54031
2020,7.9     ,54033
2020,8.6     ,54035
2020,5.9     ,54037
2020,8.9     ,54039
2020,10.9     ,54041
2020,10.0     ,54043
2020,12.2     ,54045
2020,12.6     ,54047
2020,8.7     ,54049
2020,9.9     ,54051
2020,8.5     ,54053
2020,9.4     ,54055
2020,7.6     ,54057
2020,14.3     ,54059
2020,6.3     ,54061
2020,7.1     ,54063
2020,6.0     ,54065
2020,10.3     ,54067
2020,8.4     ,54069
2020,4.9     ,54071
2020,11.1     ,54073
2020,9.3     ,54075
2020,7.3     ,54077
2020,7.4     ,54079
2020,8.9     ,54081
2020,9.2     ,54083
2020,8.4     ,54085
2020,12.4     ,54087
2020,7.8     ,54089
2020,7.4     ,54091
2020,8.5     ,54093
2020,10.3     ,54095
2020,9.6     ,54097
2020,8.4     ,54099
2020,9.4     ,54101
2020,9.8     ,54103
2020,10.7     ,54105
2020,8.8     ,54107
2020,10.5     ,54109
2020,9.5     ,55001
2020,8.5     ,55003
2020,6.1     ,55005
2020,9.3     ,55007
2020,6.0     ,55009
2020,7.4     ,55011
2020,9.1     ,55013
2020,4.7     ,55015
2020,6.2     ,55017
2020,4.5     ,55019
2020,5.9     ,55021
2020,7.3     ,55023
2020,4.8     ,55025
2020,5.3     ,55027
2020,6.8     ,55029
2020,9.2     ,55031
2020,5.5     ,55033
2020,5.5     ,55035
2020,8.0     ,55037
2020,5.9     ,55039
2020,12.4     ,55041
2020,5.3     ,55043
2020,4.8     ,55045
2020,6.9     ,55047
2020,6.1     ,55049
2020,11.2     ,55051
2020,9.3     ,55053
2020,5.4     ,55055
2020,7.2     ,55057
2020,7.1     ,55059
2020,4.6     ,55061
2020,5.4     ,55063
2020,4.3     ,55065
2020,6.5     ,55067
2020,5.9     ,55069
2020,6.2     ,55071
2020,5.0     ,55073
2020,7.8     ,55075
2020,6.7     ,55077
2020,15.3     ,55078
2020,8.2     ,55079
2020,5.5     ,55081
2020,6.3     ,55083
2020,7.3     ,55085
2020,5.5     ,55087
2020,5.4     ,55089
2020,5.9     ,55091
2020,7.0     ,55093
2020,7.2     ,55095
2020,5.4     ,55097
2020,6.8     ,55099
2020,7.3     ,55101
2020,5.1     ,55103
2020,7.1     ,55105
2020,6.6     ,55107
2020,7.1     ,55109
2020,7.5     ,55111
2020,7.9     ,55113
2020,6.4     ,55115
2020,5.7     ,55117
2020,4.9     ,55119
2020,7.0     ,55121
2020,5.2     ,55123
2020,7.2     ,55125
2020,6.1     ,55127
2020,6.9     ,55129
2020,5.6     ,55131
2020,5.6     ,55133
2020,5.5     ,55135
2020,6.3     ,55137
2020,5.4     ,55139
2020,6.7     ,55141
2020,4.0     ,56001
2020,5.0     ,56003
2020,6.9     ,56005
2020,4.5     ,56007
2020,6.0     ,56009
2020,3.9     ,56011
2020,6.2     ,56013
2020,4.3     ,56015
2020,5.0     ,56017
2020,5.5     ,56019
2020,5.1     ,56021
2020,5.0     ,56023
2020,7.8     ,56025
2020,3.8     ,56027
2020,5.4     ,56029
2020,5.0     ,56031
2020,4.9     ,56033
2020,7.2     ,56035
2020,7.4     ,56037
2020,6.0     ,56039
2020,6.3     ,56041
2020,5.3     ,56043
2020,3.9     ,56045
2020,N.A.,72001
2020,N.A.,72003
2020,N.A.,72005
2020,N.A.,72007
2020,N.A.,72009
2020,N.A.,72011
2020,N.A.,72013
2020,N.A.,72015
2020,N.A.,72017
2020,N.A.,72019
2020,N.A.,72021
2020,N.A.,72023
2020,N.A.,72025
2020,N.A.,72027
2020,N.A.,72029
2020,N.A.,72031
2020,N.A.,72033
2020,N.A.,72035
2020,N.A.,72037
2020,N.A.,72039
2020,N.A.,72041
2020,N.A.,72043
2020,N.A.,72045
2020,N.A.,72047
2020,N.A.,72049
2020,N.A.,72051
2020,N.A.,72053
2020,N.A.,72054
2020,N.A.,72055
2020,N.A.,72057
2020,N.A.,72059
2020,N.A.,72061
2020,N.A.,72063
2020,N.A.,72065
2020,N.A.,72067
2020,N.A.,72069
2020,N.A.,72071
2020,N.A.,72073
2020,N.A.,72075
2020,N.A.,72077
2020,N.A.,72079
2020,N.A.,72081
2020,N.A.,72083
2020,N.A.,72085
2020,N.A.,72087
2020,N.A.,72089
2020,N.A.,72091
2020,N.A.,72093
2020,N.A.,72095
2020,N.A.,72097
2020,N.A.,72099
2020,N.A.,72101
2020,N.A.,72103
2020,N.A.,72105
2020,N.A.,72107
2020,N.A.,72109
2020,N.A.,72111
2020,N.A.,72113
2020,N.A.,72115
2020,N.A.,72117
2020,N.A.,72119
2020,N.A.,72121
2020,N.A.,72123
2020,N.A.,72125
2020,N.A.,72127
2020,N.A.,72129
2020,N.A.,72131
2020,N.A.,72133
2020,N.A.,72135
2020,N.A.,72137
2020,N.A.,72139
2020,N.A.,72141
2020,N.A.,72143
2020,N.A.,72145
2020,N.A.,72147
2020,N.A.,72149
2020,N.A.,72151
2020,N.A.,72153
,,
,,
,,
